category,sub_category,crimeaditionalinfo
Online Financial Fraud,Internet Banking Related Fraud,"We are reseller of digital devices and we placed order at merchant website dated   httpsservicomantratecappcomProductProductaspx
Order was failing  so we tried  times and money debited  times  transaction was refunded on same date but below  transactions were not refunded
INBPAYUIN Amount  Payu Amount  Payu Amount "
Online and Social Media Related Crime,Cyber Bullying  Stalking  Sexting,Myself being the victim did a big mistake by attending the video call from unknown person though I know them in Facebook for few months now I said no to video chat intially but was induced to take up video call by trust saying it is only for romance or just seeing eachother and not for sex video chat Post video chat was over the person named Ishika Batra same name in Facebook account too started black mailing for money and said the video has been recorded  will be sent in facebook and uploaded in sex sites Instagram To avoid such i followed them and paid Rs  to get the video deleted but the fraudulent asked for  more which I suspected this will go forever Therefore I blocked the whatsapp account and deactivated my facebook ID reported to few close ones to not to look into any videos related to me sent by unknown people or spam msgs Kindly save me I In deep trouble if the video are being leaked out Hope you will find a solution  Thank you
Online Financial Fraud,UPI Related Frauds,CALLER INFORMED TAHT SHE LOSED AMOUNT  REASON HE SOME ONE SAID MUDRA LOAN CENCTION FOR U PLEASE PAYED SOME FEES SO SHE IS PAID  THEN  FIND HE FACK CALLER 
Online Financial Fraud,EWallet Related Fraud,Please refund my money by froud by unnon no  please prosess this requst and help me i am very sorry for this kind of reason this tipe of pupile has very hard punis ment okvdjdv sjodgsidhidkd tgggkdg diijd hjdosgd
Cyber Attack/ Dependent Crimes,Data Breach/Theft,"I never imagined something like this could happen to me, especially since I'm so cautious. But then I started noticing that my online activity felt different, slower even. I can't even describe it well because everything seemed normal, except for the fact that I was constantly getting logged out of my accounts. Looking back, maybe I should have paid more attention to the little details, but now it's too late. My accounts are compromised. The more I tried to fix it, the more problems came up. My bank account was unathorised, and then I got locked out of everything. I don’t think I’ve ever felt this violated before. My privacy is completely shattered, and I can’t do anything to make it stop. Even my tablet isn’t working right anymore. It’s so stange how everything just fell apart after that one email."
Child Pornography CPChild Sexual Abuse Material CSAM,,"Dear Sirmam
I am hear to report  some  twitter handles which are involve in circulation on indecent images and videos of childrens  Twitter handle  Selim  was retweeted many tweets which was indecent Content is heinous in nature Please take action Thankyou"
Online and Social Media Related Crime,FakeImpersonating Profile,"The person has put Rajesh Patil PCMC Commissioner sir photo as
whatsapp profile and he is trying to make contact with the PCMC corporators and asking them for financial help in terms of Amazon pay
gift card people are getting confuse by seeing municipal commissioner sirs photo on whatsapp call if anyone reply as per his demand then it could be a financial loss of that citizen of PCMC"
Any Other Cyber Crime,Other,sir online CSP walon ne  rupaye ki thagi kar li aur kaha aapko SBI Bank ki ki mini branch ki ki shakha di jayegi humne lalach basa kar  rupaye de diye aur ab kai bar FIR ki aur koi bhi abhi sunbayi nhi huyi
Online Financial Fraud,UPI Related Frauds,Financial Fraud  
Online Financial Fraud,UPI Related Frauds,"Complainant lost the above amount when she replied to the calls where
fraudster offered online employment and asked to pay amount and finally
lost amount total amount of Rs  hence I request your kind
authority to take necessary action"
Online Financial Fraud,UPI Related Frauds,I paid for shopping some stuffs from the instagram account and they asked to pay it from paytm and they shared their details and i paid the amount hoping for the stuffs to come and they blocked me and even didnt send any stuffs so i request you to take strict action
RapeGang Rape RGRSexually Abusive Content,,"Respected Sir

A very serious matter I want to inform you Few person running or involve in some very shamefull activities by using few women at many places of kolkata gariahat ballygunge RUBY HOSPITAL BEHIND area KASBA ANANDAPUR QUEST MALL metropolis mall area ACROPOLISMALL area park circus FORUM MALL ELGIN RD Parkstreet MAIDAN AREA esplanade Garia jadavpur BEHALASAKHERBAZAR JOKA BANSDRONI  Rabindrasadanexide area  HARIDEVPUR triangular park lake mall area rashbehari area TOLLYGUNGE THAKURPUKUR BBD BAG DALHOUSIE AREA  and SALTLAKE

Their name 
SUBHRO SAHA AMLAN DATTA 
IZAZ AHMED Anirban


They officially work in a insurance office hdfclife  a hindustanpark ab gariahat shopping mall st floor beside of reliance trend building near gariahat more  but outside at several places  they involve in some shamefull activities last years

Sir a person SUBHRO SAHA forcefully involve few women employee ex FEMALE employee in such shamefull doing

At afternoon evening or after evening or night time they doing this shamefull activities

Many innocent people are TRAPPED and suffering in such dirty issue for long time
They are even  to lodge a complain against them because of  threatening and blackmailing ISSUE


From above  address PLACES and their mobile whatsapp no  you can easily trace and track their all activities You need to investigate Last years detail


Please help"
Online Financial Fraud,Fraud CallVishing,"Hi
I have been receiving phone calls from the past  days the number changes every day today it was from this number  and this guy told me that I had a lapsed ICICI Prudential policy policy number  bought on  march  for which I had paid only one premium of Rs k and if I could pay another  then I will get a guaranteed sum of  in august  

He asked me to reach to  Mr Amit  who supposedly is my relationship manager and he will help me to revive this policy after paying a premium of Rs  lac When I called him he asked me to submit my documents 

I then called up icici prulife customer care and came to know that I didnt have any such policy on my name so its obviously a fraud"
Any Other Cyber Crime,Other,He was sending wrong messages on whatsapp and trying to exploit our data and sending porno to uss so its my hardly request to the cybersecurity team that pls catch him so it my hardly request tk the cyber security agents or team pls do something for this
Online and Social Media Related Crime,Provocative Speech for unlawful acts,All videos of social media of Dipak r sachania violates my Privacy In all these video  my image  my name  my office name my home video etc published without my permission In some of  these videos of social media accounts of DIpak r sachania  ileegal phone tapping done without the knowlwdge of the person and posted  on social media also all the links forwarded to whatsapp by Diapk r sachania
Online Financial Fraud,Internet Banking Related Fraud,cell no  one link coming that clik after one otp coming my cell no  fullfill thats otp and with second debit in my accoun  massage recived after i am call as same no that is  ringing that say after  hours coming your amount no prblem that says person
Online Financial Fraud,UPI Related Frauds,Amount deducted through upi
Online Financial Fraud,Internet Banking Related Fraud,"akash agrawal so  ashok kumar agarwal email idagarwalakashgmailcom  address plot no A radha govind colony dher ke balaji sikar road pin code   ps vidyadharnagar  disst jaipur se suchna karta ke pass es no  se call aaya or google pay se fraud ho gya 

suchna karta ki google pay id agarwalakashOKAXIS   LINK BY AC  SBI    IFSC SBINOO

ST TRANSACTION ID   DATE   TIME  PM  RS 

ND TRANSACTION ID  DATE    TIME  PM  RS 

TOTAL FRAUD 
"
Online and Social Media Related Crime,FakeImpersonating Profile,"I got a whatsapp video call from unknown number and obscene video was coming from that side
That person was asking me to undress for which I said I am not interested in it and I blocked the contact  I do not have that number
Soon after I got message on whatsapp from another number ie morphing my whatsapp video that they captured while they called me in which some other persons nude video was clubbed with me and threatening me to upload it to my contacts
I blocked this number also
Today ie  at  hrs I got a phone call from  saying Mr Gaurav Malhotra SHO Cyber crime Delhi is calling and he will get me arrested for posting a porn clip with a lady on internet"
Any Other Cyber Crime,Other,"I placed one order on  through your MAGIC PIN app of one meal from  Mcdonald but unfortunately I was not received my order on that day and it was showing delivered Thereafter i tried to call customer care of Magic Pin app and mentioned my feedback i received one call from  customer care no ie  and she gave me a false assurance that my entire amount will be refund in  days which is not received yet 

My order id is  of Magic pin app"
Online and Social Media Related Crime,Cyber Bullying  Stalking  Sexting,"Hello Sir 

i have raised a complaint yesterday too for this fraud happening in which these fraud people are threatning   defaming me  they have already taken  rs and now sending me message on whatsapp to defame me over my contacts  friends and families  they have already hacked my contacts through their apps 
i have again attached supporting data for that even they are sending me abusive voice messages to pay 
Please help on urgent basis 
Their phone numbers are         They all are threatning through  whatsapp and using abusive language  please help urgent  they can anytime defame image and reputation"
Online Financial Fraud,UPI Related Frauds,Financial Fraud of Rs
Online Financial Fraud,Fraud CallVishing,One person from cash advance calling me so many time for complete the payment I am not taking any type of loan from this side he said u tak eloan from our app I ask him send me loan details but he send me nude photo of girls that said me is a sex worker I am not taking any kind of loan
Online Financial Fraud,DebitCredit Card FraudSim Swap Fraud,As soon as i noticed the transactions alerts on sms i immediately blocked the account and informed the bank to investigate the matter Bank has issued SR number  SR On the morning of rd feb  i went to ICICI bank deonar branch and submitted the written transaction dispute form  Also went to the deonar police station and registered the incident with a police inspector
Online Financial Fraud,DebitCredit Card FraudSim Swap Fraud,"Hello Sir I have ICICI Bank Account number 
Mr Samir Patel he is ICICI Bank Employee His contact number is  He told me we have your courier from ICICI Bank For that you have to do text sms to a another number  That was AST YES Again I asked him that what is it He told me we cannot open it We dont have that authority to open it It is a courier for you On the  Feb I got msg that  Rs Till today I have had never received any Credit Card or Courier Debited from my Credit Card  So I went to Bank called to helpline and blocked my card He has done fraud Plese help me 
  So many Points I want to add in my case My mobile number is  or "
Online Financial Fraud,DebitCredit Card FraudSim Swap Fraud," I have received message that reward points are expiring tomorrow Kindly redeem with the URL as httpsbitlymCTFf  CSHBACK Opened the link and loaded the ICICI bank page and it was asked credit card information After providing the information received OTP to mobile and transactions were completed automatically three times with the amount of  While doing transactions i have logged in internet banking and blocked my credit card number   Called customer care and raised SR requestfor disput transaction and required documents mailed  They confirmed your amount will be back and you can apply new credit cardSo i confirmed to provide new credit cardAfter receiving new card when i checked the statement observed that again three transacion are showing on  JAN  with the same amountCalled to customer care ICICI and they are saying as below
As per our observation the transaction was completed post using D secure PIN and was approved post providing details of card verification value and expiry dateThe D secure PIN is the nd level of verification to make transactions secure It would not be known to a third party unless it was compromised or revealed by the card holder The Bank shall not be responsible for misuse of Credit CardsD secure PINs and does not incur any liability for the consequences arising out of any misuse by unauthorised personsIn case you are not satisfied with our decision you may approach the the statutor"
Online and Social Media Related Crime,FakeImpersonating Profile,"FIRST IMPERSONATING PROFILE 
WE HAVE BEEN TALKING AND DOING VIDEO CALL 
THEN SHE RECORDED VIDEO OF MINE AND ASKING BLACKMAILINGME SENDING MESSAGE OF TH KNOWN POEPLE ON FACBOOK AND OTHER PLATFORMS AS IN RETURN ON MONEY VIA PAYTM 
PAYTM NUMBERS GIVEN IN THE NAME OF MOH RAFI     
FIRST ASKING "
Online and Social Media Related Crime,Profile Hacking Identity Theft,"Hello Sir
I opened my facebook account on rd Feb  Approx AM and saw a post about Battleground mobile India Event I entered the event page and there was a link on that page to fill my details to enter the event I clicked on the link and filled my information such as My Mobile Number Email Id and My game ID on the mentioned link And the next day My Facbook Instagram and Battleground Mobile India game ID was banned My Facebook ID is rajanrajput but when I am signing in it shows different user ID lflbanm And on th Feb  at PM approx my Personal Whats app number got banned without any information I have complaint on all the social media platforms and got no response Please help me restore my Facebook and Whats App I have attached the screenshot of my facebook message that I am getting and my game ID 

Reagrds
Rajan Boliwal"
Online Financial Fraud,EWallet Related Fraud,"Nameramkishan 
Mobilephonepe no
Bank account no SBI BANK IFSC CODESBIN
Email idramkishansuthargmailcom
Address vp malwani teh nohar 
Dist hanumangarh
Pin code 
PS nohar
FRAUD BY PHONEPAY 

 Rupey Transacation id T  UTR NO  DATE  TIME AM

TOTAL AMOUNT  rupey 
FRAUD NO 
fruder phonepe noyblsachin paliwal

suchana karta ne bataya ki enke pass ek no se call aaya or LIC ke  paise dalne ki bolkar phonepe pr ek link bhejkar paise nikal liye gye 
"
Online Financial Fraud,DebitCredit Card FraudSim Swap Fraud,"citizen details
name RAM KUMAR
ps RAWDA MANDI 
dist Sri Ganganagar
pincode   
 mobile no
fraud by  cridet card hdfc  bank  
total fraud amount 
 cridet card no hdfc bank 
Transection detial 
TRN ID  nhi h Amount  time   pm  date FEB  

fradur details suchna krta ne btaya ki call aaya or anydisc app download krwakr fraud kiya gya  
fradur no  

"
Online Financial Fraud,Internet Banking Related Fraud,"FRAUD THROUGH  NET banking 

BANK 	 BANK OF BARODA 
ACCOUNT NUMBER  

TOTAL AMOUNT  


PLEASE HOLD REVERSE TOTAL AMOUNT IN THE COMPLAINT ACCOUNT AND TAKE NECESSARY ACTION
"
Online and Social Media Related Crime,Cyber Bullying  Stalking  Sexting,sending message to in facebook and send whatsup number and call me video call then after  blockmaling to me and asking money for not upload my video to my friends group above picture is send to me upload u r video to u r friends group
Sexually Obscene material,,This post was made on Reddit Thats is my aunt in the picture but someone else has posted it and using it for sexual matters The pictures are from her Facebook and Instagram account Some has posted without consent
Online Financial Fraud,UPI Related Frauds,He was to pay money to me but incidentally tricked me to pay money by saying this is a credit card payment through google pay and maybe you dont know the procedure I refused to pay at first but he said try for  rupee and I gave it a try  rupee was debited in my account and again credited with an extra rupee in seconds So I went forward But to my surprise he was forcing me in such a way that pay within  seconds or you will not get any money After completing the transaction I realized that I made a huge mistake
Online Financial Fraud,DebitCredit Card FraudSim Swap Fraud,"CITI Bank Credit Card Fraud Rs 
CITI Bank Credit Card no  Someone call me from  and asking OTP from my child and she deney but he istructed insattaled anydesk application in their phone and do a blunder fraud with our poor family We requested to you kindly take action against it as soon as possible and help us as a return our hard working money
This is a blunder fraud and they do a big fraud with us
We are requested again that kindly do the needfull and necessary action against the frauders
They was asking again otp and giving a lot of pressure to us
Thanks Sir
Please  please help us"
Online Financial Fraud,Fraud CallVishing,The company cheated hundreds of students like me wanting to go abroad for their further studies Specifically Germany They replicated ANDAs website which helps students apply to Germany through their portal In total they have scammed me of around  including cash and cheque
Online Financial Fraud,EWallet Related Fraud,"Citizen Details 
Name  MUSBIR KHAN SO JAFAR MOHMMAD 
Add Gav Teh Sangod  Dist KOTA 
PS  SANGOD  PIN  
Phone pay no    Alt No 
Bank  Au Small Finance Bank   AC no    Branch   SANGOD   KOTA 
Total Fraud Amount  Rupees  Date  Feb  
Fraud By  Phone pay 

TID T  UTR    Time pm  Amount  Rupees  Date  Feb  
Frauder ka Phone pay no 

TID T  UTR    Time pm  Amount  Rupees  Date  Feb  
Frauder ka Phone pay no 

suchna karta ke pass ek mob no  se call Aaya or jankar bankar baat ki or Account me paise dalne ke name 
par paise ki Request beji or fraud ho gya 
 "
RapeGang Rape RGRSexually Abusive Content,,shriman ji se nevedan hai meri bachi ka zindagi ka sawal hai kiroya anjan viyakti ko kisi bade apradh ko anjam dene se roka jaye mujhe meri beti ke bare mein bhaut hi gande sabd khaye hai aur ab to mere ladke ko bhi msg karna suru kardiya hai
Any Other Cyber Crime,Other,"ATM  FRAUD FIRST transition RS  SECOND transition RS  DEBITED BANK NAME INDIAN OVERSEAS BANK ACCOUNT NO  IFSC CODE IOBA PLEASE HELP ME

ATM  FRAUD FIRST transition RS  SECOND transition RS  DEBITED BANK NAME INDIAN OVERSEAS BANK ACCOUNT NO  IFSC CODE IOBA PLEASE HELP ME"
Any Other Cyber Crime,Other,I am reporting this complaint against a threatening call which i got on  jan  There was a person on saying that ashok has given my reference to repay his loan amount of rs  i got worried because i had no idea about that person and company Yesterday morning i received a message from company named galaxy card that ashok referring me I have no information about this company and this person ashok i have also attached call and message information on attachments
Online Financial Fraud,DebitCredit Card FraudSim Swap Fraud,"CREDIT CARD
CC NO 
MERE CREDIT CARD SE AMOUNT WITHDRAW HO GYA  JO KI MENE NHI KIYA AUR MERE PASS EK CALL AAYA THA JISME MUJHSE MERA CARD NUMBER MANGA THA AUR MERA CARD UPDATE KARNE KE LIYE BOL RAHE THE"
Online Financial Fraud,Fraud CallVishing,"A person claiming to be Abdul Aziz  is claiming to be employee of my company RP Paper Impex P Ltd registered in Mohali Punjab 
This person is asking offering goods to people using our company name and asking them to deposit money in hisher accounts 

Account Details are 
Bank Kotak Mahindra Bank 
AC NO  
IFSC KKBK 
BR MG ROAD"
Sexually Explicit Act,,"He called to my number several time when I call him back he wont respond he called and whats app anonymous thing to my number My father use that whats app
Kindly respond in it its a request 
My father is ex army"
Online Financial Fraud,UPI Related Frauds,"
FRAUD THROUGH PAYTM UPI FRAUD
BANK  BANK OF BARODA 
ACCOUNT NUMBER  	
				 
TOTAL AMOUNT  	
PLEASE HOLD  REVERSE TOTAL AMOUNT IN THE COMPLAINT ACCOUNT AND TAKE NECESSARY ACTION 
"
Online Financial Fraud,Internet Banking Related Fraud,"Identity theft   Fake Customer Care Service Fraud   Google
The victim searched for customer care number on Google to pay her bill and came across suspect who tricked her into revealing the OTP received on her mobile This resulted into  debited from her account"
Hacking  Damage to computercomputer system etc,Unauthorised AccessData Breach,"They Messege me about kyc update and trying to download me TeamViewer App so that they may get access to my mobile data
Their mobile no Is  to which they ask me to contact

And message come from  mobile no 

They may cheat someone who is not know about this"
Online Financial Fraud,UPI Related Frauds,"FRAUD THROUGH UPI Fraud	 GOOGLE PAY 
BANK  	Central Bank of India		
ACCOUNT NUMBER   
TOTAL AMOUNT 
 PLEASE HOLD REVERSE TOTAL AMOUNT IN THE COMPLAINT ACCOUNT AND TAKE NECESSARY ACTION 
"
Any Other Cyber Crime,Other,"RESPECTED SIR 
MAINE  LARKE KO  RS DIYA MOIILE KE LIYE WO LARKA MUJHE  DIN GHUMA RAHA LEKIN NA HI SAMAN DE RAHA HAIN NA PAISA RETURN KAR RAHA HAIN JAB MAIN PAISA MAGTA HU TO DHAMKI DETA HAIN KI JISKO BOLNA HAIN BOL DO MAIN NAHI DARTA POLICESPDSP MAIN KISI SE NAHI DARTA HU WO FARIDABAD SECTOR  ME REHTA HAIN WO MERE GAON HI LARKA HAIN  WO LARKA PHOTOCALL RECORDING PAYMENT SLEEP SAB KUCH HAIN PLEASE SIR HELP ME"
Online Financial Fraud,UPI Related Frauds,Online FraudsAdvertisement Portal Fraud ECommerce platform  OLX Victim saw a add about car and later victim call to unknown given number and showed interest of buying the car and they said we are army officer and also send some ID proofs and said according to our army rules you should send the total money firstly then the car will be delivered to you victim believed that and send money to suspect phone pe number but still they are asking money victim realize it was a fraud
RapeGang Rape RGRSexually Abusive Content,,"Respected Sir

A very serious matter I want to inform you Few person running or involve in some very shamefull activities by using few women at many places of kolkata gariahat ballygunge RUBY HOSPITAL BEHIND area KASBA ANANDAPUR QUEST MALL metropolis mall area ACROPOLISMALL area park circus FORUM MALL ELGIN RD Parkstreet MAIDAN AREA esplanade Garia jadavpur BEHALASAKHERBAZAR JOKA BANSDRONI  Rabindrasadanexide area  HARIDEVPUR triangular park lake mall area rashbehari area TOLLYGUNGE THAKURPUKUR BBD BAG DALHOUSIE AREA  and SALTLAKE

Their name 
SUBHRO SAHA AMLAN DATTA 
IZAZ AHMED Anirban


They officially work in a insurance office hdfclife  a hindustanpark ab gariahat shopping mall st floor beside of reliance trend building near gariahat more  but outside at several places  they involve in some shamefull activities last years

Sir a person SUBHRO SAHA forcefully involve few women employee ex FEMALE employee in such shamefull doing

At afternoon evening or after evening or night time they doing this shamefull activities

Many innocent people are TRAPPED and suffering in such dirty issue for long time
They are even  to lodge a complain against them because of  threatening and blackmailing ISSUE


From above  address PLACES and their mobile whatsapp no  you can easily trace and track their all activities You need to investigate Last years detail


Please help"
Online and Social Media Related Crime,Profile Hacking Identity Theft,The hacker is calling again and again on WhatsApp and blackmailing me for money when I tried his no that was switched off for the safety of my family I deactivated my Facebook account and blocked him from whats app kindly take the necessary action as soon as possible
Online Financial Fraud,UPI Related Frauds,Online shopping fraud
Cyber Attack/ Dependent Crimes,Ransomware Attack,"My friend mentioned something like this happened to them a few months ago, but I thought it was a one-off. Then, suddenly, I got this weird notification asking me to update my password, but the message didn’t look like the usual ones I receive from the app. It looked a bit off. I don't know how, but it’s like they knew everything I was doing, even though I was trying to be careful. It’s terrifying to think about. The more I tried to fix it, the more problems came up. My email was unathorised, and then I got locked out of everything. This has really left me anxious and frustrated, I can’t sleep knowing my information is out there. I’ve even considered deleting all my accounts, but that’s not a solution. Even my tablet isn’t working right anymore. It’s so stange how everything just fell apart after that one email."
Cyber Attack/ Dependent Crimes,SQL Injection,"The issue actually started when I got this email, which at first glance seemed like spam. I usually ignore such things, but for some reason, I opened it this time. Afterward, my phone started freezing, and it wasn’t normal. I thought it was a technical glitch, but now I’m not so sure. Honestly, it’s such a mess, and I don’t even know where to start. I’ve contacted support, but they keep giving me the runaround. The more I tried to fix it, the more problems came up. My bank account was transction, and then I got locked out of everything. I feel so helpless, like there’s nothing I can do to fix this. No matter how many times I change my password, it’s like someone’s always one step ahead. Even my laptop isn’t working right anymore. It’s so stange how everything just fell apart after that one email."
Online Financial Fraud,DebitCredit Card FraudSim Swap Fraud,Amount deducted through debit card
Online Financial Fraud,UPI Related Frauds,"Victim was contacted online through Instagram By the name of Amit Kumar telling that he is working in CISF selling iPhone for  and scammed money total amount of  for different excuses For delivery charges and some email activations by the delivery partner
Their phone numbers are 
Amit Kumar 
Delivery partner 
They both are demanding money to refund the payment"
Online Financial Fraud,Fraud CallVishing,This whatsapp group is duping people with their promise to help in trading They asked for  for  months membership fee I transferred  and then I got a call back saying I will have to buy lifetime membership for  if i dont buy then i have to forget about my money transferred
Online Financial Fraud,UPI Related Frauds,"FRAUD THROUGH UPIPAYTM
BANK 	PUNJAB NATIONAL BANK
ACCOUNT NUMBER  
TOTAL  AMOUNT   
PLEASE HOLD REVERSE TOTAL AMOUNT IN THE COMPLAINANTS  ACCOUNT AND TAKE NECESSARY ACTION
"
Online and Social Media Related Crime,Profile Hacking Identity Theft,"Hi sir

I want to inform you by this mail that my fb account was hacked by someone he  his friend are Demanding   rps to return my fb account I already paid  rps to him now he  his friend are black mailing to me for more money I request you to please help to recover my fb account it is pleasure for me
Theft mobile number  
His friend mobile"
Online Financial Fraud,Fraud CallVishing,He is fraud already did fraud with me in earlier At Date of  He send again  rupee QR code and say get Profit  I asking earlier money to him then he singing kaccha badam Im say i complain to police Then he say police mera kya ukada lega  He do number of fraud every day using other id and sending messages and invest and earn Sir please take action on him
Online Financial Fraud,UPI Related Frauds,"The accused called me from  number at around pm  Jan  to send rent money in my account As soon as I gave my check details money got deducted from the account and when i asked him about it he asked me other account details as well and same thing happened again
His contact number is  "
Online and Social Media Related Crime,FakeImpersonating Profile,"Sir
One person name Dipankar das is creating a fake face book account using my name and photo also he has been posting many comment He is blackmailing me his contact number is  sir please help me I am facing a lot of problem due to this person activity"
Online Financial Fraud,EWallet Related Fraud,"So i put out something on olx for sale
Some user showed interest i shared my phone number He called and said i will transfer the said amount to which i agreed he sent some link on paytm i grew suspicious and counter him he started abusing me i cut the call and block the number i averted the fraud and informed paytm also And amount of abuse he given to me were heart wrenching i hope action will be taken as soon as possible"
Any Other Cyber Crime,Other,"Sir as i am a student and took a loan from Mpokket but unnecessarily they are
calling my relatives even I have talked to them and told them that I will try to repay
their loan but still there is harassment from Mpokket executive
and also taking my personal information from my phone and sharing it over to
my phone contacts and the call is coming from  As the law is
my last hope to stay alive"
Any Other Cyber Crime,Other,petitioner mobile number  and her told that your fancy mobile number win a samsung galaxy  size Rs worth full mobile phone company giving a office jst Rs then the complainant refused but and some matter another mobile number
Online Financial Fraud,Fraud CallVishing,"i was download Richcash app on Dec  via google play store  thereafter they offered a loan  amount for a sum of Rs  Through  different Apps by Rich Cash App and
i also take the loan amount from the all apps of Cash Express   Gold Cash   Credit Loan   Cash Park   Super Wallet  Happy Wallet   Speed Loan   Speed Loan   Quick Cash    for my Medical and Home Renovation Expense i have promised to repay above said a amount and i have repay all the loan amount  but after some days They are also demanding payment of Rs  if not pay They sent me one morphing fake photos of me with my photo on and threatened to send it to stolen numbers from my phone if I did not pay
 the Apps all are thefted my all phone contacts and sending messages to all my phone contacts for i am not paying the amount and
they call to my all contact numbers and using abusive words  i am also received the whatsapp chat from this numbers      and this number
also sending messages and calling to all my phone contacts   my whatsapp
number is  herewith attached the screenshots for your evidence"
Online Financial Fraud,UPI Related Frauds,It is to inform you that there are unauthorized transactions which took place from the victims SBI and Axis bank account without his notice  The transactions are being reflected in Phone pe and Googlepay  The victim has done any txns  Please take necessary action in this regards 
Online Financial Fraud,Internet Banking Related Fraud,"Meesho Complaints They Denied To Deliver My Products As Well As My Money Meeshocom
I recently place  products from meesho and I did not received all the  products whereas I only got refund for  products and the other  product order numbers are Order  Order   Order 

All the three products were pre paid and without even receiving otp from me they delivered the product to someone and it was updated on the app that the product is been delivered on th Jan  as soon as I saw this message I called the meesho customer care

And informed on th Jan  and filed a complaint regarding that the complaint number is  and now they denied to pay back my money which i paid through phone pay to meesho

I would kindly request you to take necessary actions against the company to avoid further losses and get my money back from them Also they are selling the products without getting the OTP even though it was a prepaid order"
Online Financial Fraud,Internet Banking Related Fraud,"I have EMI for my bike with LT Finance which i have to pay rd day of every month I received a message with link regarding payment of my emi which i receive every alternate month from LT Finance but i made payment through my phonepe wallet but this time i made my payment through link and after some time LT Finance also deduct emi from my account So then i realized i have been cheated on 

Please help me"
Online and Social Media Related Crime,Profile Hacking Identity Theft,"Email account directly register to last two digit  mobile number and check the mail and try to login at  pm but it shows   password is change  hour ago    My register mobile number   but it shows last two digit is  

Gmail ID  hotkartushargmailcom"
Any Other Cyber Crime,Other,Some one video called me on WhatsApp so i received the call after that on the other side was black and so i cut the video call after that I got the screenshot of my photo containing sexual video He began to tell me that he will upload my video to all the social media and start blackmailing me  He asked me for money please help me
Online and Social Media Related Crime,Profile Hacking Identity Theft,"Good morning 
details for Email ID are

  drsanjaybiyanigmailcom
The recovery number was 

  adityabiyanicollegesorg

Recovery details were changed to
 
dantefergusonfgmailcom

Account recovered from admin portal

Recovery number had also changed to
  for drsanjaybiyanigmailcom"
Any Other Cyber Crime,Other,"i ordered a product from the quick shop application and or site and made a payment for rs 
hoever please note that after paying the amount there was no response from the said site and my order was not delivered"
Online Financial Fraud,DebitCredit Card FraudSim Swap Fraud,"This happend with me in the month of december through an anonymous Mobikwik account which i have no clue whom it belongs to they added mu sbi credit card details and somehow managed to back  thirty seven thousand from me they did tried to do total five number of transaction in the same night but managed to get two of them successful one of  and 
i was trying to seek help from the bank but all they do is tell me to mail everything again and again
also went the cyber crime station in gurgaon filed my case there physically but they also are not helping
please help me these two months have made me mentally disturbed and loose my peace"
Online and Social Media Related Crime,Profile Hacking Identity Theft,Usne meri fiancee ko msg kiya ussi ki friend ki Instagram ID Priyajju ko hack krke ki meri ID hack ho gayi hai he mujje tera whatsapp number send kar fir vaha se usne whatsapp massage kiya ki mujhe meri ID verify karne ke liye tera Code chahiye Usne vha se usko code dediya or usne uski ID ko galat tarike se behla ke hack kr liya
Online Financial Fraud,Fraud CallVishing,"Phone number of fraud representative



The recordings of this information are available

The company initially called me and asked me to purchase a product from their website

They were resilient and I ordered shoes worth Rs  but they also wanted me to take a reward regarding which they did not provide me with complete information on further charges

After payment they refused to deliver shoes until I pay a sum of Rs  as GST they claimed for the reward being iPhone  of Rs 

The company pressurized me to make the payment and refused to cancel the order and also claimed that there will be no further charges of any form

In the end I made a payment of Rs  under their directions

The next day they began asking for an insurance cost of approximately Rs which was not mentioned earlier

Until I pay the insurance cost they will not deliver my shoes or reward and if I cancel the order they would not return me Rs  and Rs  which I had paid them

I have not paid the insurance cost and made this report"
Online Financial Fraud,EWallet Related Fraud,UPI Fraud
Online and Social Media Related Crime,FakeImpersonating Profile,THIS ACCOUNTS BELONGS TO KE FROM EARLIER BUT I LEAVE THIS ACCOUNT AND SAME NAME THAT IS MD FAHIM AM USING NOW SOME ONE MAKE A FAKE PROFILE ANDD SENDING MSG TOY FREINDS AND ASKING FOR MONEY PLEASE DO NEED FULL
Online Financial Fraud,Internet Banking Related Fraud,"I lost my amount two times 
dated on   amount 
 amount  
I loss my amount two times through this id 
 id is this    INB Billjunction dot com TECH BILJUN payments "
Online Financial Fraud,Internet Banking Related Fraud,caller informed that he has some problem in his account for that he called for customer care number searched by google  after that some one called and they said to him to download anydesk application after that the amount has been deducted from his account rs
Hacking  Damage to computercomputer system etc,Unauthorised AccessData Breach,my phone access and on my contact list doing call again and again and my photos adharcardand my pan card  uses misuse           please help me sir i m in very depresed plz solve my query
Online Financial Fraud,UPI Related Frauds,UPI FRAUD 
Online and Social Media Related Crime,Profile Hacking Identity Theft,In the morning I got a message from this number and sent a video in which my PAN card and my name are numbered In the video also that video is of sex and my name and number is written and my mobile contact number is sent to them
Any Other Cyber Crime,Other,Some unknown culprits cheated me in cyber crime and transferred amount of rupees  from my sb account to his personal account Please trace the accused person and take legal action  
Online Financial Fraud,UPI Related Frauds,"Dear Sir
I am Sumanta Biswas I have received a call from   Jan  at  PM for a data entry job for online work and told me to send my id proof and then I send my voter id scan copy After he tells me to give  rs for registration and give a pdf file for typing and tell they will give  rs for this job  after typing and submit  Jan  and tell me an error occurred my typing they will solve this problem and I have need to pay  rs then they will give  rs for typing within  minutes and then  I send this money again they tell another error if I give  then within  minutes they pay  Rs in my account after paying  they tell me again to pay  rs then they will pay  rs then I can understand this is cybercrime and thif 
Paytm Account no    my mobile no  Your faithfully sumanta biswas"
Any Other Cyber Crime,Other,I have ordered my suit from Instagram id on  january  from the page in instagram they have said that my suit will be delivered within  to  days they havent sent i have asked them to cancel suit and to refund it they have blocked me neither have sent my suit nor my money
Sexually Obscene material,,httpswwwfacebookcomprofilephpid this is the link of fake profile which sended me the message on Facebook to send my whatsApp and on whatsApp started bullying me and threatening me and asking for money
Online Financial Fraud,Internet Banking Related Fraud,State bank of indai CSP ka khata hai CSP wale bola ap rupessnaikal lo nahi to aap ki accounts se rupess CAt jayega  Sir Aadhar se Rupess nikala hai or bank wale ne bola ab me kuch nahi kar sakta hu or
RapeGang Rape RGRSexually Abusive Content,,"Respected Sir

A very serious matter I want to inform you Few person running or involve in some very shamefull activities by using few women at many places of kolkata gariahat ballygunge RUBY HOSPITAL BEHIND area KASBA ANANDAPUR QUEST MALL metropolis mall area ACROPOLISMALL area park circus FORUM MALL ELGIN RD Parkstreet MAIDAN AREA esplanade Garia jadavpur BEHALASAKHERBAZAR JOKA BANSDRONI  Rabindrasadanexide area  HARIDEVPUR triangular park lake mall area rashbehari area TOLLYGUNGE THAKURPUKUR BBD BAG DALHOUSIE AREA  and SALTLAKE

Their name 
SUBHRO SAHA AMLAN DATTA 
IZAZ AHMED Anirban


They officially work in a insurance office hdfclife  a hindustanpark ab gariahat shopping mall st floor beside of reliance trend building near gariahat more  but outside at several places  they involve in some shamefull activities last years

Sir a person SUBHRO SAHA forcefully involve few women employee ex FEMALE employee in such shamefull doing

At afternoon evening or after evening or night time they doing this shamefull activities

Many innocent people are TRAPPED and suffering in such dirty issue for long time
They are even  to lodge a complain against them because of  threatening and blackmailing ISSUE


From above  address PLACES and their mobile whatsapp no  you can easily trace and track their all activities You need to investigate Last years detail


Please help"
Online Financial Fraud,UPI Related Frauds,phonepe raward fraud
Online Financial Fraud,Internet Banking Related Fraud,"I got a message from  to link Pancard Dear SBI user your SBI YONO Account will be blocked today Please click here on the link to update your PAN CARD details Thank you httpsbitlyJPrjaF
When i opened the above link which is actually a fishing site which i mistakenly filled banking details and received OTP when i entered OTP the money got debited from my account to fraudulent account"
Online Financial Fraud,UPI Related Frauds,"FRAUD THROUGH  
UPI Fraud PHONE PE 
BANK  INDIAN BANK 

ACCOUNT NUMBER  
TOTAL AMOUNT  

	
PLEASE HOLD REVERSE TOTAL AMOUNT IN THE COMPLAINT ACCOUNT AND TAKE NECESSARY ACTION

"
Online Financial Fraud,Internet Banking Related Fraud,SMS CAME REGARDING KYC UPDATE SO I CLICKED ON LINK AND THAT DIRECTED TO SBI YONO APP THAT ASKEF  FOR LOGIN DETAILS  I entered login credentials AND OTP AUTO DETECTED and suddenly message came of debited amount
Any Other Cyber Crime,Other,                                            
Online Financial Fraud,Internet Banking Related Fraud,This morning i have seen a sponser page on instagram about crypto investment They have asked me to invest  rs and told that we will get profit of  Finally they have asked me to tranfser amount for GST inviolant fee etc They have trapped me to do the multiple transactions i ended up paying 
Any Other Cyber Crime,Other,On  dec  I had ordered an item from online website amounting  rupees  and delivery It was mentioned delivery will take  to  working days with updates shared over mail and phone number After  days since I did not receive any updates I had dropped mail to their customer support mail id and waited for  days for reply But Gmail said the mail was not delivered since the recipient server did not accept the request to connect This was first time I felt this might be fraud website Second when I tried their contact  it was always switched off The UPI id where I transferred money through upi and payumoney sent me a message stating money has been transferred to GAURAV SAVJIBHAI KAKADIYA I have enclosed the payment screenshot with order details available in my gmail with this complaint I request the cyber cell to take quick action on this as many people might get scammed by this
Online Financial Fraud,UPI Related Frauds,Online financial fraud  
Online Financial Fraud,Internet Banking Related Fraud,"Citizen details
Nameramdayal meena  psjamwa ranmgarh  distjaipur   pincode
Email idramdayalmeenagmailcom
Mob no
Phonepay no
AC no  Ifsc codeSBIN
Fraud by phonepay
Fraud date

Transaction details

 Rs Trans idT  Utr no   pm
 Rs Trans idT  Utr no   pm
 Rs Trans idT  Utr no   pm

Total amount

Frauder mob no
Frauder googlepaytm no
Frauder Ac no  Ifsc codeSBIN

Suchnakrta ne bataya unke pass call aaya or  ancient rupees ki market value bataya rupey  daalne ki boli or  fraud hogya "
Online and Social Media Related Crime,Profile Hacking Identity Theft,"Dear Sir
               Sir mera Facebook account hack ho gaya hai please help me Mera Bhai ghumne panjab gaya tha waha pe ak ladke ne uska phone liya phone karne kye liye Maga aur usane Facebook me jake aapna Gmail aur phone number add  kar diya aur mera Gmail aur phone number hata diya please sir help Mai aapna Facebook account open nhi kar sakta wah mera personal account tha aur wah ladka panjab ka hai aur yah uska mobile number  
Aur ye dusra number   aur yah uska Gmail parnkagmailcom sir please meri madat kijiye dhanewad"
Any Other Cyber Crime,Other,"                

               

              

    mob No   whno   calling wh no  

   no       no  UCO Bank link  name mohan singh ac No    

      "
Sexually Explicit Act,,A video call came from an unknown number and i picked that call  i showed the face and after  days he combined my face showing video and other sexually video blackmail me that I will send this video to others and upload to youtube and he was asking rs to delet that video
Sexually Explicit Act,,As we have friend on Facebook and given no Of WhatsApp after which i was trapped she recorded video call of without dress and now she is blackmailing me for ransom or she is threatening to me to upload the video or photos on social media and viral it Also given money of  rs But still asking again for the same
Online Financial Fraud,Internet Banking Related Fraud,"Anydex app FRAUD THROUGH  ACCOUNT		 
BANK  STATE BANK OF INDIA 
ACCOUNT NUMBER    
TOTAL AMOUNT  
PLEASE HOLD REVERSE TOTAL AMOUNT IN THE COMPLAINT ACCOUNT AND TAKE NECESSARY ACTION"
RapeGang Rape RGRSexually Abusive Content,,"Respected Sir

A very serious matter I want to inform you Few person running or involve in some very shamefull activities by using few women at many places of kolkata gariahat ballygunge RUBY HOSPITAL BEHIND area KASBA ANANDAPUR QUEST MALL metropolis mall area ACROPOLISMALL area park circus FORUM MALL ELGIN RD Parkstreet MAIDAN AREA esplanade Garia jadavpur BEHALASAKHERBAZAR JOKA BANSDRONI  Rabindrasadanexide area  HARIDEVPUR triangular park lake mall area rashbehari area TOLLYGUNGE THAKURPUKUR BBD BAG DALHOUSIE AREA  and SALTLAKE

Their name 
SUBHRO SAHA AMLAN DATTA 
IZAZ AHMED Anirban


They officially work in a insurance office hdfclife  a hindustanpark ab gariahat shopping mall st floor beside of reliance trend building near gariahat more  but outside at several places  they involve in some shamefull activities last years

Sir a person SUBHRO SAHA forcefully involve few women employee ex FEMALE employee in such shamefull doing

At afternoon evening or after evening or night time they doing this shamefull activities

Many innocent people are TRAPPED and suffering in such dirty issue for long time
They are even  to lodge a complain against them because of  threatening and blackmailing ISSUE


From above  address PLACES and their mobile whatsapp no  you can easily trace and track their all activities You need to investigate Last years detail


Please help"
Online Financial Fraud,UPI Related Frauds,"Dhani Loan Bazar Pvt Ltd
Contact No 
                      
                      
 
This Person is Cheated with me for Providing Personal Loan for  interest I Pay him Rs  for Processing Fees to Complete my Loan Sanction but he again tell me to send Rs  for Covid Insurance Claim  so i Could not Send money he not provide me loan and Not Refund my amount Rs and i Call him their reply is very bad like abusing me"
Online Financial Fraud,UPI Related Frauds,Impersonation  Cheating victim got a friend request on facebook as his friend so he accepted it later they asked money on urgent basis victim thought that it was his friend so sent mopney but later came to know that he is a fraudster
Online Financial Fraud,UPI Related Frauds,I got  scammed by whatsapp in mornig scammers mobile number is   this is his whatsapp number also pls help me lost approx  by this morning he said i will get refund if i follow his instructions and so i did same as he said and i lost money he is not answering now
Online Financial Fraud,UPI Related Frauds,"On  at  pm I received a mail from Soniya Ahuja who is my boss telling me to pay a vendor a sum of INR  and the amount will be reimbursed to me by the end of the day 
I followed her instructions and paid the vendor the total sum 
The account details of the vendor are as follows

Kotak Mahindra Bank
Saving  digit account no

Account Name Rajesh Ashok Patil
Branch Virar West
IFSC KKBK
Pan no GSHPPB
Upi kotak
Paytm upi paytm
Bhim upi upi
Phone pe 
Google pe 
Whatsapp pe rajeshwaicici
Once the payment was done I sent the confirmation of payment with a Screenshot on the same mail 
Then she asked my bank transfer limits and ordered me to pay INR  to the same vendor again 
I got a bit suspicious and tried calling my boss to conform once before taking any further action
On contacting my boss through WhatsApp I got to know someone scammedspammedfraud me by making a fake email address by my bosss name and took advantage of my loyalty and emotions
 
 On the WhatsApp conversation my boss clearly mentioned that she never sent me any such mail and I have been scammed and I must file an FIR asap 
 
Sir I request you to please look into this case and help me out get my hardearned money back"
Online Financial Fraud,UPI Related Frauds,Mr Rajesh  call me and ask for help and tell  me received amount for another person I will follow Mr Rajesh and after some time my money is debited by my accts  My Mob is  and Email ID maheshmohanpurigmailcom Mr Rajesh details is Mob No 
Any Other Cyber Crime,Other,Complaint Additional Info 	I booked online taci through its online wats app all the details were provided and decided on wats app and booking advance was given cab driver bumber was given in evening i called him in evening he diaconnected the call stating call in morning rat ko sone do in morning i called him his wife picked and told me he is taking bath aur iske bad usne phone pick krke kaha apki booking mere pass  baje ki hai  baje ki driver  bje ke bad niklega aur  bje puchega carrier nai hoga taxi mei meine usse bola mjhe  km ka bola h woh bolta woh mjhe kch nai pata jaipur ka toh  km hoga meine bola mera toh  km ka jana hua h meine bola ap ajao raaste mei apki owner se bat krlenge woh bolte woh toh dalal h pikar booking lekar sojate h hum taxi wale hai driver nai ayega i called him  times pr usne phone pick nai kia uske bad pwner ka phone band the after  bje shiru hua i called him many time pr koi reply h nai arha h usee
Online and Social Media Related Crime,Profile Hacking Identity Theft,"Our instagram Account wwwinstagramcomkarshholidays has been Hacked on Instagram at am today  Jan  We received an Email from Instagram saying your email id has been changed and there is a new login on the account We tried to click on the link but it all went to a  link immediately The hacker then changed the contact number also which made us locked out of our own account

We then received a whatsapp msg on our registered number stating that I have your account and would give it back to us at a fees They changed the email phone number and password and logged us out of our own account He asked for  USD in bitcoins and crypto currency and also went to explain how to do it

Attached are all the screenshots of all the timings and conversation with the hacker 

Please help us get our account back We have attached all the proofs to this email on Karsh Holidays being our account
Our original registered email id  karshholidaysgmailcom
Company registered mobile no 

If there is any additional detail needed please let us know Please help us on this matter urgently"
Online Financial Fraud,DebitCredit Card FraudSim Swap Fraud,"On the date of  one unknown transaction of  is done on my credit card
This transaction is not done by me
After that myself was blocked this transaction with the help of ICICI bank transaction verification mail and verification call Refer attached snap shot

Now on my credit card showing the  card limit and bill also showing of 

I will never pay this bill
Already raised report in ICICI Bank
Want this money back
I didnt shared my OTP to anyone"
Online Financial Fraud,Fraud CallVishing,Scammer called me and asked for ATM number He claimed to be the manager of a bank And told me to renew my ATM card Then he started asking for the card numbers I told him to end the call He also had a north indian accent He spoke broken Tamil
Online Financial Fraud,Internet Banking Related Fraud,"SBI KYC UPDATE sms with link  victim receiving SMS from unknown number to 
update bank KYC details and PAN details Victim Shared Card details and OTP  Victim Amount Lost Rs  
Suspect No 
Suspect Link httpstlyFRih"
Any Other Cyber Crime,Other,I have taken a loan in online app infinity cash today is the due date to but before getting over due they are threatening me that if i failed to pay within mins they leak my pics and other details as marking fraud to my all contacts Please take action over them
Online and Social Media Related Crime,Cyber Bullying  Stalking  Sexting,Dear sir this is to inform you that i was in very trouble by trapped by a girl name Komal Singh as she updted name in her profileAs today morning shows nudity in whatsapp video call and she was saved the video and now blackmailing to pay her  and due to afraid i paid  and ask her to delete the same but again threatening me to upload the video in social media hence i had already lodge a complain in facebook Requesting you please look into it and help me out if required i will submit the all required details
Cyber Attack/ Dependent Crimes,Ransomware Attack,"I never imagined something like this could happen to me, especially since I'm so cautious. But then I started noticing that my online activity felt different, slower even. I can't even describe it well because everything seemed normal, except for the fact that I was constantly getting logged out of my accounts. Looking back, maybe I should have paid more attention to the little details, but now it's too late. My accounts are compromised. The more I tried to fix it, the more problems came up. My work account was recived, and then I got locked out of everything. The worst part is, I don’t even know who to trust anymore. Friends, family, everyone’s acting strange. It’s affecting my relationships and my mental health. Even my tablet isn’t working right anymore. It’s so stange how everything just fell apart after that one email."
Online Financial Fraud,UPI Related Frauds,I ordered goods in shopping application trells i was pay by upi rupees   they are not showing my order and not returning my money back please help  amit shah sir they dont give me money back i was call in application help line service but they dont help me
Online Financial Fraud,UPI Related Frauds,FINANACIAL FRUAD 
Online Financial Fraud,EWallet Related Fraud,I received a call from   this number and he pretended that he is my friend and told me to send money and he sent a send money request on my phonepe wallet i did the transaction thinking he is my friend first he told me that he has already send money and then told me to return the same money
Online Financial Fraud,Internet Banking Related Fraud,"Identity theft   Smishing SMS Fraud  CreditDebit Cards Fraud  KYC updation
compl got text msge like as SBI to update yor KYC then compl opened that link and amount got loss"
Any Other Cyber Crime,Other,"I have ordered a Titan Raga watch from Facebook ad which has directed me to snickbuyin received the watch on  and made a Cod payment amounting Rs After unboxing found that I have actually received a different product from the ordered one also broken and non working Tried to contact them over mail but there was no such responses even there was no option to initiate a refund
FYI
Seller Snickbuy
Seller contacy details
Email infosnickbuyin
shsimongmailcom
Mobile
Courier partner Delhivery Surface
Order Id
Sub order Id
Awb no 
Delivery date 
Feedback linkhttpsshopiikG"
Online Financial Fraud,UPI Related Frauds,PLEASE STOP FRAULANT AMOUNT AND REFUND SOURES SCCOUNT REGARDS
Any Other Cyber Crime,Other,Some loan scammers got my aadhar card pan card one of my photo and my contact details before they harrassing me to pay money but now they are sending my details to my friends and my family WhatsApp number and harrassing them also
Online and Social Media Related Crime,Online Job Fraud,"I have applied for online data entry jobs with FINEWORK ENTERPRISE The work was regarding online CAPTCHA entering of  and a total amount of  and the work period is  days  They call me and says they send me a link into my emails and told click on the link and then automatic generated a OTP  this OTP put down within min  i put down the OTP after that they send me a agreement paper in my Email and told me this is the aagreement between us  
I had shared my Aadhar card my passport size photo and my signature photo Everything was included in agreement The date was 

After the agreement they shared me an Id and password to login I only logged in for few seconds and found that the work is impossible and fraud So I sent an email to company helpline stating i wanted to withdraw All this happened within an hour

 They put down pressure on me and says if i cant do this work i have to pay  rupess And they put down pressure on me continues day by day into phone call and Emails And told me if im bridged the agreement then I have to pay  thats   rupees
Later on  i received a call from a advocate named Abishek sharma  and he sent me a soft copy of court orderattached He blackmailed me that i need to pay amount immediately to cancel the court case or I will be arrested by police
I keep receiving messages and calls to pay money I am afraid if they will misuse my aadhar card also Please take action"
Cyber Attack/ Dependent Crimes,Data Breach/Theft,"My friend mentioned something like this happened to them a few months ago, but I thought it was a one-off. Then, suddenly, I got this weird notification asking me to update my password, but the message didn’t look like the usual ones I receive from the app. It looked a bit off. Honestly, it’s such a mess, and I don’t even know where to start. I’ve contacted support, but they keep giving me the runaround. The more I tried to fix it, the more problems came up. My bank account was notifiction, and then I got locked out of everything. This has really left me anxious and frustrated, I can’t sleep knowing my information is out there. I’ve even considered deleting all my accounts, but that’s not a solution. Even my phone isn’t working right anymore. It’s so stange how everything just fell apart after that one email."
Online Financial Fraud,DebitCredit Card FraudSim Swap Fraud,"Call aaya tha fraud karne wale ka or usne hamko anydesk application download karne ke liye bola aapko ye fayda hoga kar ke bola  pesha ek bar kata  fir  dusri bar  kata  
Mera  pesha froud karne wale ka number    "
Online Financial Fraud,Internet Banking Related Fraud,CALLER  INFORMED TAHT SHE GOT ONE SMS  SHE LOSED AMOUNT  AMOUNT 
Online Financial Fraud,UPI Related Frauds,"FRAUD THROUGH  UPI GOOGLE PAY 
BANK Bank of Baroda Including Vijaya Bank and Dena Bank
ACCOUNT NO  
TOTAL AMOUNT 
PLEASE HOLD  REVERSE TOTAL AMOUNT IN THE COMPLAINANT ACCOUNT AND TAKE NECESSARY ACTION"
Online Financial Fraud,Internet Banking Related Fraud,"Financial fraud 
Debit card no "
Online Financial Fraud,Internet Banking Related Fraud,"Identity theft   Vishing Call Fraud  CreditDebit Cards Fraud  KYC updation
compl got a call from  said that your  KYC is expired for  updation install KYC quick support app then compl installed that App shared ATM card details then  transctions got happened"
Online Financial Fraud,UPI Related Frauds,Fake OLX related fraud
Any Other Cyber Crime,Other,"Respected Sir 
Sir koi mera mobile no Hack kar ke alag alag logo ko phone karke un sab ko paresaan karta hai
Jab oh log dubara phone karte hai to mujhe sab kahte hai ki tumne hume phone kiya tha jab ki m un sab ko janta hi nhi hu
Kirpa karke is masle ko hal karne me meri madad kare kiu ki mera mobile no Back account se link hai
Thank you"
Online Financial Fraud,DebitCredit Card FraudSim Swap Fraud,In the name of cryptocurrency mining they have taken lakhs of rs Sharehash has taken more than One lakh rupeesThere is no existence of sharehash Coinrig is doing same business same as sharehash But coinrig is still doing their business We can get hold of that fraud company With the help of coinrig we can get hold of sharehash They are using almost same type of apps and business model
Any Other Cyber Crime,Other,He was bullying me just because i told him no for an answer when he asked me what happen between me and my other friend and started abusing me on my mom and all this started  or  days back and now he giving  me rape threat on my mother and giving abusive roles to everyone and telling everyone that my mother is a prostetitute and abusing his power and stoping me from talking to my friends  all this taking toll on my mental health and it is very disturbing and lately ive been having very hard time  i hope u help me and ask him to stop doing all this as im not the only one bullyed 
Online and Social Media Related Crime,Profile Hacking Identity Theft,From this number they are sending fake messages to all my contacts please look into this and resolve as early as possible From these appsEasy Loan app they hacked all my contacts and sending messages to all my contacts that i am rappiest people around me are afraid of the messages they are receiving from unknown number Please solve the issue immediately and save my reputation which i am having outside
Online Financial Fraud,EWallet Related Fraud,Respected cyber team i am the person from village area around  pm i got notification from chrome browser with written that congratulations  you have won  Inr as i clicked the same they redirected that link to phonepay app it was a payment request and i have not seen it and i trusted site that they are giving me money but as i entered upi pin i instantly recieve message from my sbi bank that  Rupees was deducted from my account actually this amount is a lot for me i dont want my money but my intention is to prevent money of my other  poor indian brothers and sisters like me  I expect and assure that my govt will help me in this issue and stand with me in my hard time please look in this seriously  because it matters a lot for poor Indian citizens like me
Hacking  Damage to computercomputer system etc,Email Hacking,Derr     sir   please    help  Me   baut   heresment    Kar    rhi    Hai    Mere          Contact        Photo     Dal    Ke        blakmel       Kar       Karhi       Please          Sir                     Help       Me                  Mare                Bacha         Lijiya        Sir              Sir     Mere      Mare     Number     Message    Kar   Ke       Gali       De      Rha      Please           Me
Online Financial Fraud,UPI Related Frauds,I contact him for buying some stuff They tell me first give advance then he ordered my products so i send him the  rs Advance and he show me the screenshot of order details then he want a rest amount I tell him i pay the rest amount after i received my product so they harrass me and tell me pay the rest amount or i will cancel your order and after  day they block me
Online Financial Fraud,DebitCredit Card FraudSim Swap Fraud,"Identity theft   Skimming  Cloning of Cards etc  Merchant Place
victim got  a sms OF opts for  certain amounts while she receiving the sms the amount automatically debited from her account suspect credit card number    "
RapeGang Rape RGRSexually Abusive Content,,"Respected Sir

A very serious matter I want to inform you Few person running or involve in some very shamefull activities by using few women at many places of kolkata gariahat ballygunge RUBY HOSPITAL BEHIND area KASBA ANANDAPUR QUEST MALL metropolis mall area ACROPOLISMALL area park circus FORUM MALL ELGIN RD Parkstreet MAIDAN AREA esplanade Garia jadavpur BEHALASAKHERBAZAR JOKA BANSDRONI  Rabindrasadanexide area  HARIDEVPUR triangular park lake mall area rashbehari area TOLLYGUNGE THAKURPUKUR BBD BAG DALHOUSIE AREA  and SALTLAKE

Their name 
SUBHRO SAHA AMLAN DATTA 
IZAZ AHMED Anirban


They officially work in a insurance office hdfclife  a hindustanpark ab gariahat shopping mall st floor beside of reliance trend building near gariahat more  but outside at several places  they involve in some shamefull activities last years

Sir a person SUBHRO SAHA forcefully involve few women employee ex FEMALE employee in such shamefull doing

At afternoon evening or after evening or night time they doing this shamefull activities

Many innocent people are TRAPPED and suffering in such dirty issue for long time
They are even  to lodge a complain against them because of  threatening and blackmailing ISSUE


From above  address PLACES and their mobile whatsapp no  you can easily trace and track their all activities You need to investigate Last years detail


Please help"
Online Financial Fraud,UPI Related Frauds,Toda I recieved a call from  he want to transfer his money his relative for that he want to increase the limit of Phone Pay agen call  increase limit of phone pay my atm no by anydesk
Online Financial Fraud,Fraud CallVishing,I have downloaded an application on my smartphone named Quikr Jobs to search for a suitable job for me in my nearby place and after downloading it I have also done a topup of Rs  for a premium membership After some time I have applied for  jobs for Data Entry Operator and within  min of that I got a WhatsApp message from Piryanshi Sharma cell no  and in that message it was written that she is from Quikrcom and my CV has shortlisted for HDFC Bank hiring for DATA Entry  Back Office profile and for apply this job you have to fill up a form at our company website and you have to pay Rs  only for form charges and no anymore charges you have to pay after that she sent me a link httpsquikrjobssite and then I opened that link and registered myself on that website and paid the amount from my mothers debit card but instead of  sum of Rs  debited from my mothers saving account Then she called me and told me that by mistake  rupees has been debited and to refund that go back to the same website and fill up the refund form to initiate the refund process after that I have done the same as asked and after submitting the refund details website asked for OTP which came on my phone via bank at that point I got suspicious that for a refund how come my bank will send OTP and I got that I have been cheated and it is a scam
Online Financial Fraud,Fraud CallVishing,"She call me many times and said she call hdfc bank and said punit thakur loan  i
Do not know any punit than she abusing me and pressured for paying 
She call me many times Please help me"
Online Financial Fraud,UPI Related Frauds,incident occur on OLX i have uploaded my freedge to sell on olx a lady called me from mobile no  and show interest in my freede they send a link to my phone which was opened by me and the fraud with me takes place
Online Financial Fraud,DebitCredit Card FraudSim Swap Fraud,Due to some circumstances I did not pay the amount and they have taken contacts from my list and saying that I gave the numbers as reference numbers and also threating me regarding the payment and using the bad words as well
Online Financial Fraud,DebitCredit Card FraudSim Swap Fraud,"Fraud call received to my father on mobile on  at approx PM unfortunately my father given bank details to fraud call and immediately transactions happened approx  rupees deducted from account
SMS screen shot attached for your reference"
Online Financial Fraud,UPI Related Frauds,Plese return my amount as early as possible I cannot defeine any wor I approached Bajaj online personal loan these people catch to me taking amount through Phone pay I am requesting to recover my account please please
Online Financial Fraud,Internet Banking Related Fraud,"Victim received a message with phone number stating that your airtel sim will be blocked today pleasre update your detailsvictim called and asked about the detailssuspect asked to install Quick support and recharge cube appvictim installed and entered credentials and OTP Amount got debited from victim account
Suspect phno   
Amount lost"
Online Financial Fraud,DebitCredit Card FraudSim Swap Fraud,  Credit card                   state         sp office cyber cell  Damoh                 
Online Financial Fraud,EWallet Related Fraud,"Dear SirMam
I am Mr deepak From gurgaon mujhe ek new cylinder connection lena tha mne google sai ek agency ka number nikala or new cylinder connection k liye baat ki or mne fir  rs uske account mai daal diye or fir  rs or mange usne mne wo bhi daal diye so ab usne mujhe her jgh sai block kr diya uska number  haior uska upi id Bharatpe hai so solve my problem as soon as possible"
Online Financial Fraud,UPI Related Frauds,"FRAUD THROUGH  PHONE PE UPI
BANK  HDFC BANK
ACCOUNT NUMBER  
TOTAL AMOUNT  
PLEASE HOLD  REVERSE TOTAL AMOUNT IN THE COMPLAINT ACCOUNT AND TAKE NECESSARY ACTION "
Child Pornography CPChild Sexual Abuse Material CSAM,,He is texting one girl for become his gf but a girl is ignoring her text and calls but he do emotinal blackmail girl is smaller than him but he try alot and girl get confuse the boy number  please donot tell that i complaint you because i help my friend if you tell that i complaint you he do something wrong with that girl pic i just only want help from you sor please tell that boy not to text that girl from now and donot call her please sir a boy force alot to that girl that she cry infront of me and she say yes to her and i cant see her emotion so complaint you please help a girl even this is not the age for making gf bf
Any Other Cyber Crime,Other,I took loan from an app called handy loan appI paid money more than I took to an UPI id  But now from another number they are calling asking to pay amount If not they are threatening me that they will share my photo in whats app group as above added picture
Online Financial Fraud,DematDepository Fraud,They told me to transfer as i had to pay loan and i thought it was genuine but after i transfered they blocked my number and didnt update They were threatening me I paid but they didnt update and after that they blocked my number on whats app
Online Financial Fraud,UPI Related Frauds,"As discussed with those People Accel share there told us to wait for days due to bank holidays While opening that Accel share account link suddenly the popup is blocked
Please consider above the concern and do the needful"
Online and Social Media Related Crime,Online Job Fraud,This data entry work is filling  forms in  days with  percent accuracy I filled the forms with great accuracy and to be on safe side I screen recorded all forms that I filled After submitting my work on th Feb  they sent me a report that I did nott achieve  percent accuracy I saw that they themselves changed the data which I entered and started asking me to pay money First a legal advisor of that company Mahendra Gupta called me demanded money I said I have proofs that this is a fraud Later Advocate Kr Mane sent me a legal notice on  Feb  Please help me get out of this as soon as possible sir
Online Financial Fraud,UPI Related Frauds,"Online Frauds   UPI Fraud  Phone Pe
compl got a notification in phonepe then compl opened that notification then transctiongot happend"
Sexually Obscene material,,She or he asked me to share nudes and videocall on paid basis and blocked me on whats app and twitter as i met her on Twitter and she told me to share nudes and video call on paid basis but after payment she blocked me Her number is 
Any Other Cyber Crime,Other,"This business WhatsApp No  
 telegram No  and I was deposited phonepay and utr no  upi id AAicici amount   utr no  upi id sandyicici amount  utr no  upi id chinthamicici amount "
Cyber Attack/ Dependent Crimes,Hacking/Defacement,"I never imagined something like this could happen to me, especially since I'm so cautious. But then I started noticing that my online activity felt different, slower even. I can't even describe it well because everything seemed normal, except for the fact that I was constantly getting logged out of my accounts. I don't know how, but it’s like they knew everything I was doing, even though I was trying to be careful. It’s terrifying to think about. The more I tried to fix it, the more problems came up. My email was recived, and then I got locked out of everything. The worst part is, I don’t even know who to trust anymore. Friends, family, everyone’s acting strange. It’s affecting my relationships and my mental health. Even my phone isn’t working right anymore. It’s so stange how everything just fell apart after that one email."
Online Financial Fraud,DebitCredit Card FraudSim Swap Fraud,"FRAUD THROUGH    CREDIT CARD 	 FRAUD
BANK NAME   Bank of Baroda Including Vijaya Bank and Dena Bank	
CREDIT CARD NUMBER 
TOTAL AMOUNT   

PLEASE HOLD REVERSE TOTAL AMOUNT IN THE COMPLAINT ACCOUNT AND TAKE NECESSARY ACTION
"
Online Financial Fraud,UPI Related Frauds,"FRAUD THROUGH  UPI FRAUD   GOOGLE PAY 
 BANK  Canara Bank including Syndicate Bank 
ACCOUNT NUMBER    
 TOTAL AMOUNT   
PLEASE HOLD REVERSE TOTAL AMOUNT IN THE COMPLAINT ACCOUNT AND TAKE NECESSARY ACTION"
Online and Social Media Related Crime,Profile Hacking Identity Theft,respected sir I am compline for asan loan app I am loan for this app I forget for paying the loan and the company hacked my phone and contact Use my id and photos and morphing my photo illegal activity and sending my contact in WhatsApp so my family depressed this activity And this company is blackmail for money I do not give in money my photos share with my relative and social media
Cryptocurrency Crime,Cryptocurrency Fraud,"I am sanjay kulkarni from india  i invest to wwwfastcoinworldbiz and wwwbinaryinvcom in this company i have already deposited in  dollors in two accounts invested  i have last  months later invested but they are not return money to my Wajirx Wallent account not transfer They will be another deposited in this Website my money not refunded they are scam website and my money are not came to my account   Please my money was not return This above Sites are Fake and Scam recovery to all World Customers are invested above sites

Please i have requested to you for above Websites are closed and all members return money do the needful

Thanking you yours  Faithfully"
Online Financial Fraud,DebitCredit Card FraudSim Swap Fraud,TOTAL  CREDT CRD FRAUD CC NO 
RapeGang Rape RGRSexually Abusive Content,,"Respected Sir

A very serious matter I want to inform you Few person running or involve in some very shamefull activities by using few women at many places of kolkata gariahat ballygunge RUBY HOSPITAL BEHIND area KASBA ANANDAPUR QUEST MALL metropolis mall area ACROPOLISMALL area park circus FORUM MALL ELGIN RD Parkstreet MAIDAN AREA esplanade Garia jadavpur BEHALASAKHERBAZAR JOKA BANSDRONI  Rabindrasadanexide area  HARIDEVPUR triangular park lake mall area rashbehari area TOLLYGUNGE THAKURPUKUR BBD BAG DALHOUSIE AREA  and SALTLAKE

Their name 
SUBHRO SAHA AMLAN DATTA 
IZAZ AHMED Anirban


They officially work in a insurance office hdfclife  a hindustanpark ab gariahat shopping mall st floor beside of reliance trend building near gariahat more  but outside at several places  they involve in some shamefull activities last years

Sir a person SUBHRO SAHA forcefully involve few women employee ex FEMALE employee in such shamefull doing

At afternoon evening or after evening or night time they doing this shamefull activities

Many innocent people are TRAPPED and suffering in such dirty issue for long time
They are even  to lodge a complain against them because of  threatening and blackmailing ISSUE


From above  address PLACES and their mobile whatsapp no  you can easily trace and track their all activities You need to investigate Last years detail


Please help"
Online Financial Fraud,Fraud CallVishing,Actually i was in need of money so i called on the phone number of bajaj finance and they asked me to send my documents and i have sent my aadhar card pan card bank account details and  photos on their  whatsapp number and they asked me to transfer  ruppees on their Paytm number and I didnt transfer that amount as this same happened with my friend and after transferring the amount he didnt get that loan amount so thats why I didnt transfer any amount to their Paytm account
Online Financial Fraud,Fraud CallVishing,"I received a call today from persons pretending to be from the sales and promotions department  customer care at Nykaa Their names are Ria Singh Jia Khan Priya Singh and a man whose name I forget They are apparently working from Nykaas offices in Noida I noted that all the persons were Bengali and the number they called from was also possibly a West Bengal number

They called me from this number     

I am worried that my personal information is not safe They had all my personal details like name age email etc This is the second time that this has happened The first time in November last year these scammers tried to use WhatsApp for their fraudulent activities I know they are scammers because Nykaa does not make offer related phone calls to customers I have also raised this issue with them now as well as back then

Request your help please Theirs seems like a big scamming operation as many people are involved"
Online Financial Fraud,UPI Related Frauds,FINANCIAL FRAUD
Online Financial Fraud,Business Email CompromiseEmail Takeover,I am ravi chandra I contacted Java Motors by mail in November  for their dealership They called me by mail and phone to register for the second dealership saying that the first dealership was out of date and I gave the account no   Code SBIN BRANCH chinchwad pune sended to money
Online Financial Fraud,UPI Related Frauds,CALLER GOT CALL FROM FRAUD PERSON FOR JOB PURPOSE AND LOSSED AMOUNT
Any Other Cyber Crime,Other,"Dear sir
Maine ye sab app se koi loan nahi liya hu lekin phir v ye sab daily mere number pe call aur message kar ke pareshan karta hai aur mere family member ko v pareshan karta hai aur gaali galauj karta hai aur ganda ganda pic edit kar ke mere family member ko send karta hai"
Online Financial Fraud,UPI Related Frauds,I called the Ola service and was told that I would be contacted later due to the lack of Tamil language After a while a false call came from  and my OTP was received and Rs  was ordered from my account and debited from my account
Online Financial Fraud,UPI Related Frauds,"FRAUD THROUGH  UPI FRAUD PHONE PE
BANK STATE BANK OF INDIA
ACCOUNT NUMBER
TOTAL AMOUNT 
PLEASE HOLD  REVERSE TOTAL AMOUNT IN THE COMPLAINT ACCOUNT AND TAKE NECESSARY ACTION"
Online Financial Fraud,Fraud CallVishing,I got the part time job offer through whatsapp communication which is the Primary suspect and i got from another  numbers to pay They said u have to complete the work which is given in google drive link and you have to submitted through email id priyaarisegmailcom I attached the google drive link with supporting evidenceOnce  I submitted through email they send the dummy salary letter I beleived that and asking for salary day after why its not credited they said its a uk payment so u have to clear the pending charges to creditI sended a money they ask to this no  which is in the name of gandoori beebi while transaction and i asked to pay money to  more peoples  i know i did a big blunder by beleiving them Please get my money back respected sirMam
Online Financial Fraud,UPI Related Frauds,There is an apps Lime  wwwoobicyclecom which claim for the high money earning by  deposit low amount and now they are refusing to return money the are fraud me so please help me and check the website
Online Financial Fraud,Internet Banking Related Fraud,"I am Subhankar Guha Proprietor Flagship India
I was trying to send a consignment from Gaighata North  Paraganas West Bengal
I got the contact of REBA LOGISTICS on line The number 
I received all company details on whatsApp
The Visiting card GST Number PDF of company Driver liocense Vehicle pictures Letter from company
I added the Bank details as given by suspect REBA LOGISTICS PVT LTD Ac  IFSC CNRB Canara Bank Barddhaman  West Bengal
I transferred  to the account on  Feb as advance for Transportation of goods from Gaighata to Patna Bihar
I got a call at   am from driver The contact said they are transferring money to my account
 I sent them  and  from my wife Swapnalekha Guha phone pe account  to numbers  and  
Filing separate complaint for that transaction"
Online and Social Media Related Crime,Cheating by Impersonation,He had posted ad about selling his house furniture and appliances posing as an army officer He asked us to transfer  percent of the money as token amount We wanted to buy the dining table  which he asked for  So we transferred Rs as token money then he shared one receipt and asked us to pay rs and rs as get  policy Then I transferred rs to him to which he asked to transfer rs and rs separately we did that too after that he asked to pay the rs remaining amount we paid that also he said he would refund extra  rs on delivery we agreed at time of dispatch he asked to pay  as gps fees to which this sounded fishy and we asked him his id and video proof which he sent a morphed video and ids of babble Kumar posing as cis personal to which it sounded fishy too us he was reluctant on sharing images of furniture we said we will not pay  for gps and asked him that we can pick from the army canteen or airport but he was reluctant then we asked him to refund money to which he said that it will take  months and since we have no token number on receipt we dont know how to claim that
Cyber Attack/ Dependent Crimes,Malware Attack,"The issue actually started when I got this email, which at first glance seemed like spam. I usually ignore such things, but for some reason, I opened it this time. Afterward, my phone started freezing, and it wasn’t normal. I thought it was a technical glitch, but now I’m not so sure. Honestly, it’s such a mess, and I don’t even know where to start. I’ve contacted support, but they keep giving me the runaround. The more I tried to fix it, the more problems came up. My bank account was hackd, and then I got locked out of everything. I feel so helpless, like there’s nothing I can do to fix this. No matter how many times I change my password, it’s like someone’s always one step ahead. Even my laptop isn’t working right anymore. It’s so stange how everything just fell apart after that one email."
Online Financial Fraud,EWallet Related Fraud,"This person whose id is Venom Custom is running a movies download channel having k subscribers and he posts customer testimonials that he take less money and provide expensive gadgets direct from amazon That is why I approached him and ask if he can order a OnePlus nord  mobile for me He said give me  advance and I will order your device once order is done I will send you screenshot and then you have to pay remaining amount which was  rupees

same happen he ordered with my address on phone number and then asked me for remaining  rupees to transfer I trusted him and transferred the amount  and asked him about tracking id to track my product thus he blocked me from personal as well as removed me from his channel which he use to scam people

I request you please find him out and arrest him so that he could not scam more people

On paytm his name is shown as Ram Babu and I also provided you his number where I paytm him  rupees"
Any Other Cyber Crime,Other,"I have placed an order for a clothing on  JAN   from httpsprokaartco and my order PK I have received the shipment on  and have informed the company through email on their support email id provided on website and also on their whatssapp support contact please find attached pictures for receiving wrong product

I have been deceived by this clothing company They displayed a very different and premium product on their website and have delivered a cheap quality kidswear After several text messages and emails there is still no response It is very brutal to deceive the customers in this way 

From this experience I am sure there are will be other people exploited by them in the same manner I request you to take corrective action and measures so as to protect other people who get in touch with them I am not sure if it is possible to get my money back from them but atleast we can make an effort to protect other people from this kind of fraud 

Thankyou for your consideration Looking forward to hear in regards to corrective actions taken on this matter 

Thanks and regards 
Raghav Goyal
"
Online Financial Fraud,Fraud CallVishing,I have updated my information on both KOKO and OB Cash Loan App Without my knowledge and confirmation they have approved amount and sent in my account i have repaid and again they have approved and sending amount again without any knowledge  I dont know what to do please take respective action they are asking to pay in  days
Online Financial Fraud,Internet Banking Related Fraud,"FRAUD THROUGH Internet Banking
BANK  STATE BANK OF INDIA
ACCOUNT NUMBER  	
TOTAL AMOUNT  
PLEASE HOLD REVERSE TOTAL AMOUNT IN THE COMPLAINT ACCOUNT AND TAKE NECESSARY ACTION"
Sexually Explicit Act,,"I recieved a call on AM in the morning from an unknown number He say my name n said Sanjay speaking I deny him But he said I am Sanjay speaking from Jammu I refused him and i said did not know any Sanjay from Jammu After that he started to abouse my in reough language He also threatened me that if you will be in Jammu you will be no more He threatened me to kill me So please it is a very serious matter My my humble submission to your good self Please track the number and take a legal action against the culprit 
Thanks 
Mool Raj"
Online Financial Fraud,Fraud CallVishing,SMS and calls with   led to this They asked to download apps from playstore Apps like teamviewer SMS automatic forward and airtel app The call took place due to a message received about my account being blocked and how to solve the issue
Online Financial Fraud,EWallet Related Fraud,Someone send me notification on my phonepe and then he called thorough mobile number and told me that me speaking from state of India there is some money to refund you so go and open phonepe and open notification and click there after that enter your UPI pin and after that me lost my money His cell number is 
Online Financial Fraud,UPI Related Frauds,"Impersonation  Cheating
victim have  a grass seller business so he put an add in india mart so a millitary person conatcted and said he will take it so the victim was asked to pay sum amount so he paid but later on they didnt refund the amount and now not responding to victim call"
RapeGang Rape RGRSexually Abusive Content,,"Respected Sir

A very serious matter I want to inform you Few person running or involve in some very shamefull activities by using few women at many places of kolkata gariahat ballygunge RUBY HOSPITAL BEHIND area KASBA ANANDAPUR QUEST MALL metropolis mall area ACROPOLISMALL area park circus FORUM MALL ELGIN RD Parkstreet MAIDAN AREA esplanade Garia jadavpur BEHALASAKHERBAZAR JOKA BANSDRONI  Rabindrasadanexide area  HARIDEVPUR triangular park lake mall area rashbehari area TOLLYGUNGE THAKURPUKUR BBD BAG DALHOUSIE AREA  and SALTLAKE

Their name 
SUBHRO SAHA AMLAN DATTA 
IZAZ AHMED Anirban


They officially work in a insurance office hdfclife  a hindustanpark ab gariahat shopping mall st floor beside of reliance trend building near gariahat more  but outside at several places  they involve in some shamefull activities last years

Sir a person SUBHRO SAHA forcefully involve few women employee ex FEMALE employee in such shamefull doing

At afternoon evening or after evening or night time they doing this shamefull activities

Many innocent people are TRAPPED and suffering in such dirty issue for long time
They are even  to lodge a complain against them because of  threatening and blackmailing ISSUE


From above  address PLACES and their mobile whatsapp no  you can easily trace and track their all activities You need to investigate Last years detail


Please help"
Online Financial Fraud,Internet Banking Related Fraud,"MOBILE NUMBER OF OF FRAUDER   
I WAS TRYING TO OPEN MY MOBILE YONO APP FOR TRANSACTION BUT ERROR COMES MEAN TIME I HAVE REEIVED A CALL THE PERSON STATING THAT IT WILL ACTIVATE MY YONO APP AND THEN HE SENDS OTP AND ASK ME TO GIVE OTP AFTER GIVING OTP HE AGAIN AASK OTP FOR VERIFICATION AND THEN HE TOOK ANOTHER OTP"
Online Financial Fraud,UPI Related Frauds,Caller informed that he last Amount of  was From Phonepe Deducted 
Online Financial Fraud,UPI Related Frauds,Its a kind of investment firm where they so many machines which we buy in returen they give daily rent in wallet in starting they given some amount very small amount when its comes in big amount which i invested they told the system is under maintenance you will get your money from  jan but today morning they send a message that if you want your amounts you need to recharge your wallet from  otherwise your accounts will close it seems like they making fool i am not the only one my  more friends have invested in there schemes apporox they have  lakh of ours i know these things are foolish but people falls in this things please help me out and other hand i am single i invested my savings in this scheme my parents do not know anything about this please make this complain confidential and also i have all the evidence in this portal only one picture uploaded i have invested  plese reply me so i can share all with the department please help me in this regard hoping to reply as soon as possible
Online and Social Media Related Crime,Cyber Bullying  Stalking  Sexting,"I got call from Pooja Sharma on  FEB  night at between  to  oclock  she started talk me and requested for friendship then asked me for video call  then i made video call with her then she talked sexy talk also provoked me for samething and recorded my audio video she asked my whatsapp number and started me blackmailing that she will upload my video 
on youtube also will share this video with your facebook friends Now from tomorning she is threatening me ansking me for money She demanded  Rupees other she will share it on social media I am sharing you screenshots of her threatning chat and demanding money she also share me a account number to transfer money 

Account Details shared by her 

Federal Bank Account Number 
Customer Name Neeraj Kumar Sharma
Branch  Dwarka New Delhi
 IFSC FDRL"
Cyber Attack/ Dependent Crimes,Hacking/Defacement,"This all happened a few days after I accidentally clicked on a strange link on social media. I didn’t think much of it until things started going wrong. The next thing I knew, people were calling me asking if I had sent them strange messages, and I hadn’t touched my phone all day. Looking back, maybe I should have paid more attention to the little details, but now it's too late. My accounts are compromised. The more I tried to fix it, the more problems came up. My work account was unathorised, and then I got locked out of everything. This has really left me anxious and frustrated, I can’t sleep knowing my information is out there. I’ve even considered deleting all my accounts, but that’s not a solution. Even my laptop isn’t working right anymore. It’s so stange how everything just fell apart after that one email."
Online Financial Fraud,Internet Banking Related Fraud,"
Citizen Details 
Address   Name  MAN PRAKASH JINDAL   MOBILE NO    DIST  SIKAR   PS  RANOLI    PINCODE     BANK  STATE BANK OF INDIA  AC No     Branch  PALSANA   AC HOLDER NAME  PACHI DEVI JINDAL  ICIC BANK AC NO    AC HOLDER NAME  DHARMNEDRA BAGDIYA  BRANCH  PALSANA   Citizen Ke sath  Total Fraud Amount   Rs  DATE Jan 

Fraud By   Phone Pay No   

 Transction id  T  UTR     Amount Rs   TIME   PM  SBI 
   Amount Rs   TIME   PM   ICIC
   Amount Rs   TIME   PM  ICIC

Frauder Detals  Suchna karta ne unke pass unknown no  se call aaya or  bola gaya ki apaki bike ki emi due chal rahi hai or  ac se fraud phone pay no  payment transfer karva liye 
"
Online Financial Fraud,Internet Banking Related Fraud,victim saw adv in olx for bike sales  victim contacted suspect  suspect asked advance money  victim deposit amount through bank account  after that no response from suspect  victim deceived
Online Financial Fraud,UPI Related Frauds,i have searched for Online job in google and found Shinecom who is offering jobs I sent my resume to Shinecom portal and received E mail  I have paid registration fee of  and later paid  interview fee  and bond fee  to the company through patm and Phone  Later came to know this was fraud  and reporting
Any Other Cyber Crime,Other,Bar bar call kr ke pareshan kr rha hanuj or blackmail bhi kr rha h suicide krne ka or mere parivar walo ko bhi pareshan kr rha h call kr kr ke unse bhut buri trha bat kr rha mere or mere family ke bare mai  Mujhe mentally disturb kr rha h  Or blackmail bhi dhamki deta h ghar a jaunga ayese   Or mujhe apna hath pe Blade se cut mar ke photos bhej rha h  Bhut jyada hi paresan kr rkha h usne  Har bat Pe dhamki deta h kbhi mrne ki to kbhi mere family ko sb bta dega ayese kr ke  Maine bhut bar samjhya fir bhi mujhe msgs calls kr kr pareshan kr rha h or yha tk ki mere gharwalo pe bhi kr rha h call  Or mere bare mai ulta bolta h   Plz help me  plz private 
Online and Social Media Related Crime,Profile Hacking Identity Theft,Fake account name Anukul Adhek Send friend request and asking money  this no Please track and block that fake id   More than  ruppes send to that account My self teacher So there is a reputation in my society That fake account destroy my reputation  So please track that mob no and close the facebook account Which i have send the photo My mob no is  Please block that account as soon as possible
Online Financial Fraud,UPI Related Frauds,"FRAUD THROUGH  GOOGLE PAY
BANKAXIS BANK 
ACCOUNT NUMBER
TOTAL AMOUNT 
 PLEASE HOLD REVERSE TOTAL AMOUNT IN THE COMPLAINT ACCOUNT AND TAKE NECESSARY ACTION "
Online Financial Fraud,DebitCredit Card FraudSim Swap Fraud,"FRAUD THROUGH   DebitCredit Card FraudSim Swap Fraud	
BANK  STATE BANK OF INDIA 
ACCOUNT NUMBER   
TOTAL AMOUNT 
PLEASE HOLD REVERSE TOTAL AMOUNT IN THE COMPLAINT ACCOUNT AND TAKE NECESSARY ACTION"
Any Other Cyber Crime,Other,One of my friend Nimit Verma had instant loan from hi rupee company for  now company trying to defame him and threatening to share his private photos to all contacts  company already shared his personal detail to all hi contacts and to see too in msg we can clearly see they are saying nirmit had added me as guarantor so I need to pay money please look into the matter
Hacking  Damage to computercomputer system etc,Unauthorised AccessData Breach,A fake profile of my husband has been created on httpsandroidoyundownclubpauloceami website and I have serious concerns with this issue as this might tarnish his public image and has been created without his knowledge Kindly look into issue by looking at date of creation of profile and locating IP address of the device with which the profile has been made I made access to profile on Jan   I have mentioned his email id which when searched of google locates above mentioned site
Online Financial Fraud,UPI Related Frauds,My tiffin service he give me order for  person  I wants advance payment than than he told me army check  scan q r code he credit my account rs  rs than debit rs in my account his name is vikran vaghmare  account name is Mahesh Kumar Prajapati
Any Other Cyber Crime,Other,I received a whatsapp video call from number  on my whatsapp number  There was a girl on video call performing sexual act i received almost  short duration calls after  mins of last call she send me some screenshots of the video call and telling that she is uploading that video on various social media platforms when i recieved this message i was scared and immediately blocked her deleted whatsapp account and switched off my number so that she is not able to contact me
Online Financial Fraud,Internet Banking Related Fraud,"Identity theft   Smishing SMS Fraud  CreditDebit Cards Fraud  KYC updation
victim received a message from suspect regarding updation of kyc r else yono will be suspended then victim clicked the link and entered the details  and otp then amount got deducted"
Cyber Attack/ Dependent Crimes,Ransomware Attack,"My friend mentioned something like this happened to them a few months ago, but I thought it was a one-off. Then, suddenly, I got this weird notification asking me to update my password, but the message didn’t look like the usual ones I receive from the app. It looked a bit off. Honestly, it’s such a mess, and I don’t even know where to start. I’ve contacted support, but they keep giving me the runaround. The more I tried to fix it, the more problems came up. My work account was notifiction, and then I got locked out of everything. I don’t think I’ve ever felt this violated before. My privacy is completely shattered, and I can’t do anything to make it stop. Even my phone isn’t working right anymore. It’s so stange how everything just fell apart after that one email."
Any Other Cyber Crime,Other,"The fake loan app is hacked my contact list 
And after repayment also they are sending wrong messages in my contact list with my adhar card
Bus rupee is name of application
I have paid the loan amount but then also they are not closing my file
They are calling me and harrasing 
Using bad words to my contact list"
Online Financial Fraud,UPI Related Frauds,"FRAUD THROUGH UPI Fraud PHONE PE
BANK AXIS BANK
ACCOUNT NUMBER 
TOTAL AMOUNT 
PLEASE HOLD  REVERSE TOTAL AMOUNT IN THE COMPLAINT ACCOUNT AND TAKE NECESSARY ACTION 
"
Online Financial Fraud,UPI Related Frauds,FINANCIAL FRAUD
Online Financial Fraud,Fraud CallVishing,ST CALL RECEVIED  JAN  FROM  BY NEHA FROM STAR TELECOM NETWORK FOR DEMAND OF DOCUMENTS FOR NETWORK TOWER INSTALLATION ADHAR CARD PAN CARD PHOTOGRAPH AFTER THAT ND CALL RECEVIED  JAN FROM SAME NO THAT YOUR PROPERTY IS SLECTED BY SATELITE FOR G TOWER INSTALLATION WITH DEMAND OF  AS REG AMOUNT WE HAD PAID BY IMPS OF  RS THEY DONT ACCEPT AS REG AMOUNT WAS NOT MATCHING IN AMOUNT THEY AGAIN DEMAND OF SAME AMOUNT  WHICH WE HAVE TRANSFER BY PHONE PE  RS THEY SEND A RECEPIT OF PAYMENT AFTER THAT  JAN CALL FROM FUND MANAGER JAI RAM SHARMA  TO TRANSFER ADVANCE AMOUNT THEY ASK FOR BANK DETAILS TO TRANSFER ADVANCE MONEY BUT TRANSACTION WAS FAILED FROM SOME REASON THEY DEMAND OF RS  TO LINK OUR ACCOUNT WITH TRANSACTION ACCOUNT TO TRANSFER THE ADVANCE MONEY WE HAVE PAID BY IMPS OF RS  ON  JAN AT  PM THEY AGAIN GIVE A REASON THAT TRANSACTION DONT HAVING ANY TRANSACTION ID NO SO YOU HAVE TO PAY AGAIN SAME AMOUNT OF RS  THROUGH PHONE PE AFTER THAT THEY ARE UNABLE TO TRANSFER OUR ADVANCE AMOUNT AND GIVING THE REASON THAT DUE TO UNSUCCESSFUL TRANSACTION ATTEMPT ACCOUNT WAS LOCKED TO TRANSFER ADVANCE AMOUNT FOR  OFFICE WORKING HOURS TODAY WE GOT A CALL WITH OTHER NO  FROM HYEDRABAD THAT YOUR FILE IS SANCTIONED AND SHARE REG LETTER WITH DEMAND OF  INSURANCE AMOUNT OF RS  DEPOSIT TODAY WE GOT SEVERAL CALLS TO TRANSFER THE INSURANCE AMOUNT BUT WE DONT TRANSFER PLZ TAKE STRICT ACTION AND  REVERS OUR FULL AMOUN
Online Financial Fraud,UPI Related Frauds,i have lose my amount    barcode display every time different come lose my amount  that person mobile numbers      he contact  numbers using main  this is whatsup number 
Online Financial Fraud,DebitCredit Card FraudSim Swap Fraud,"Flipcart app with this mob No  fraud and cut  rs my account flipcart app and  both my  rs cut my rupees 
I am order in flipcart realme c  phone by brother phone and order  by flipcart  after days I am cal customer care gate no Google  call and said me your order cancelled for weather problem and say me your payment transfer your account so otp send my payment  mobile no  and said otp search flipcart app and search otp flipcart app and cut my  rs my account "
Online Financial Fraud,UPI Related Frauds,My father got a call from a number  saying that he is his business party and he wants to make some transactions via phonepe application My father called me and said that his party wants to do some transactions over phonepe look into it and then the scammer asked my phonepe number i gave  and he sent me Hi and asked me to do few transactions i thought its my fathers business related so i did the trasactions as asked total amount of Rs  i felt it suspicious and asked his name he didnt say his name and later he was not picking up my father call as well we understood it was a scam I called him again and asked him to return my money he is still active at  and asking to send more money and then he will send the total amount in different account number and he is now also asking to give aadhar card number and PAN number so that he will do NEFT but I understand its again a fraud and he can missuse my identity and details so i have not shared any further details Please help me in this matter to get back my hard earned money Thanking you please trace him as his number is still active and he is talking still
Any Other Cyber Crime,Other,                                        
Online Financial Fraud,UPI Related Frauds," FRAUD THROUGH  GOOGLE PAY 
BANKSTATE BANK OF INDIA 
ACCOUNT NUMBER
TOTAL AMOUNT 
PLEASE HOLD REVERSE TOTAL AMOUNT IN THE COMPLAINT ACCOUNT AND TAKE NECESSARY ACTION
"
Sexually Obscene material,,"The Thana Incharge
Husainganj Thana
SubjectComplaint about blackmailing and busive molestation
Respected Sir
I m getting threatening containts and blackmails Calls and messages are coming on my fiance no Harrasment calls to the relatives
Sir plz consider my case and plz help meit is about my marriage 
I will be highly thankful to you"
Online Financial Fraud,UPI Related Frauds,I posted ad in olx website one member contacted me for a enquiry so we both spoke He just sent an QR code to my WhatsApp number so I scanned the QR after that they have taken  from my account Kindly take an necessary action to this case
Online and Social Media Related Crime,Cyber Bullying  Stalking  Sexting,"Mera naam mohammed rasid hai muje  social networking par kafi harassment kiya jhaa r ha hai  or muje physical and healthy se harassment kiya jhaa r ha hai mai aap se nivedan kar tha hu ki is facebook account par jld se jld action liya jaye  muje meri society me kafi shameful feel hotha hai  
Mai facebook id attched kar diya hai so please  as soon as possible"
Online Financial Fraud,Fraud CallVishing,The guy with WhatsApp number has send dirty message with my pan card pic attached with the message this number does not exist if we make normal call they only have access with WhatsApp call if we block this number they have too many numbers available with them on WhatsApp
Child Pornography CPChild Sexual Abuse Material CSAM,,In Google if you search avus in that site there I came across videos related to child pornography request to please take down the site I have also reported earlier but it is still there please do the needful
Online Financial Fraud,DebitCredit Card FraudSim Swap Fraud,Received Fraud call  money send to Wallet
Online Financial Fraud,DebitCredit Card FraudSim Swap Fraud,"Dear Sir First of all the hacker apply a loan by my detail in bank with help of BOB app after that same day and same time they are transfer the no of  various account by help of IMPS 
The all details are attach There are no know about this fraud till  due to EMI deducted msg received"
Online Financial Fraud,Fraud CallVishing,SIR MERE PASS WHATSAPP PE MSG AAYA KI WE ARE PROVIDING WORK FROM HOME JOBS AND U HAVE TO PAY THE REGISTRATION FESS RS OR FIR MENE RS PAY KR DIYE PHIR UNKA MSG AAYA KI AAPKO PROJECT LENA HOGA RS KA WORK START KRNE K LIYE OR PHIR MENE RS OR SEND KR DIYE OR PHIR UNHONE NUMBER BAND KAR LIYA
RapeGang Rape RGRSexually Abusive Content,,"Respected Sir

A very serious matter I want to inform you Few person running or involve in some very shamefull activities by using few women at many places of kolkata gariahat ballygunge RUBY HOSPITAL BEHIND area KASBA ANANDAPUR QUEST MALL metropolis mall area ACROPOLISMALL area park circus FORUM MALL ELGIN RD Parkstreet MAIDAN AREA esplanade Garia jadavpur BEHALASAKHERBAZAR JOKA BANSDRONI  Rabindrasadanexide area  HARIDEVPUR triangular park lake mall area rashbehari area TOLLYGUNGE THAKURPUKUR BBD BAG DALHOUSIE AREA  and SALTLAKE

Their name 
SUBHRO SAHA AMLAN DATTA 
IZAZ AHMED Anirban


They officially work in a insurance office hdfclife  a hindustanpark ab gariahat shopping mall st floor beside of reliance trend building near gariahat more  but outside at several places  they involve in some shamefull activities last years

Sir a person SUBHRO SAHA forcefully involve few women employee ex FEMALE employee in such shamefull doing

At afternoon evening or after evening or night time they doing this shamefull activities

Many innocent people are TRAPPED and suffering in such dirty issue for long time
They are even  to lodge a complain against them because of  threatening and blackmailing ISSUE


From above  address PLACES and their mobile whatsapp no  you can easily trace and track their all activities You need to investigate Last years detail


Please help"
Cyber Attack/ Dependent Crimes,Malware Attack,"I never imagined something like this could happen to me, especially since I'm so cautious. But then I started noticing that my online activity felt different, slower even. I can't even describe it well because everything seemed normal, except for the fact that I was constantly getting logged out of my accounts. It’s hard to explain, but it felt like someone was inside my account, doing things while I wasn’t even online. The more I tried to fix it, the more problems came up. My work account was transction, and then I got locked out of everything. The worst part is, I don’t even know who to trust anymore. Friends, family, everyone’s acting strange. It’s affecting my relationships and my mental health. Even my tablet isn’t working right anymore. It’s so stange how everything just fell apart after that one email."
Online Financial Fraud,Internet Banking Related Fraud,"name laxmi
add ladnu ratau
dist nagor
pin code 
ps ladnu
Email laxmichoyalgmailcom 
phone pay no 
bank ac no  pnb bank ifsc punb
suchna karta ne bataya ki inke no par ek no se call aaya aur inke phone pay no par riqwest bheji aur upi pin dalwaye jiske bad inke ac se paise kat liye h 
  rupaye  pm t utr 
total amount rupaye"
Online Financial Fraud,DebitCredit Card FraudSim Swap Fraud,Credit card fraud  Induind bank  
Online Financial Fraud,Internet Banking Related Fraud,"FANANCAIL FRAUD 
"
Online Gambling  Betting,Online Gambling  Betting,"you can see chat here they are running online betting also they gave me account details for deposit so i request to you please take serious action against them I write their acc details below

bank name idfc first bank
ac name 
ac no abhimanyu traders
idfc code idfb"
Online Financial Fraud,Internet Banking Related Fraud,"I am an account holder in SBI I received a SMS from a number  saying that my internet banking will be suspended today You please update pancard in the following link The link is furnished above When l opened I found the above amounts have been debited Immediately I received a call from A person posing himself from SBI and informed that it was a verification call and asked for OTP for the above transactions But I did not give the OTP number  However I found my account was debited Then i have deactivated my internet banking and uninstalled the YONO app also by  pm
The person was repeatedly asking for OTP and my husband also talked to him The person was talking in Hindi Suspecting this my husband also shouted at him saying that he would lodge a complain That fellow told that the amount will be recredited
As no OTP was given we suspected how the money was transferred  Hence I lodge this complaint
I request you to kindly look into the matter and help me to get back the amount Thanking you
T"
Online and Social Media Related Crime,FakeImpersonating Profile,Cannot access the account as even the primary email id through which the access is given to the face book account the password is changed   Change in my profile was brought to my notice by my family friend   When I checked it i tried to access the same and couldnot get through
Any Other Cyber Crime,Other,I Ronak have received the call on th Feb around  PM And he made trust then told me to pay and this way he got  from me and then asked for aadhar and pan card In absence of Mind at that time I had also given some otps to him and he had done fraud with me He has applied otp at banks like HDFC and IDFC
Online Financial Fraud,Internet Banking Related Fraud,Financial fraud 
Online Financial Fraud,UPI Related Frauds,"FRAUD THROUGH  UPI Fraud  AMAZON PAY 		 
BANK   Indian Bank including Allahabad Bank 

ACCOUNT NUMBER   
TOTAL AMOUNT  	
PLEASE HOLD REVERSE TOTAL AMOUNT IN THE COMPLAINT ACCOUNT AND TAKE NECESSARY ACTION"
Online Financial Fraud,Fraud CallVishing,Recieved friendship request on instagram and whatsapp on  Jan  with account named Danille smith Further started conversations through social media I was informed that she was in Dubai and wishes to buy gifts for me I declined but she insisted that I provide my contact and address detail I provided the same through whatsapp I also received voice call on whatsapp I was informed through messages on whatsapp that gifts have been sent on my address and courier agency will call and that I will have to pay approx Rs  as transport and custom charges Then I received call from number  informing me that the call was from custom office Delhi and that a parcel was received in my name and I have to pay Rs  as it contained electronic items I paid the amount Later I was informed that the parcel also contains  pounds and that an extra amount of Rs  needs to be paid as declaration fine payment I declined to pay The caller informed me that I will receive a notice from customs office if  I do not pay  I was also threatened on whatsapp that If I do not pay the amount I will have to face legal charges and may be jailed
Sexually Obscene material,,"I uploaded a picture of Mattress to sale it on olx After posting received a offer immediately within  Minutes of ad posting He shared a bar code and asked me to follow the process I have attached the screen shot of the same 
Thank god i did not follow the process and save my self But i am sure the same person is doing the same thing with multiple innocent people on Olx

His contact name Mayank Aggarwal
Contact Nos   "
Online Financial Fraud,Internet Banking Related Fraud,Sir   HDFC Bank Ac            printe   atm     google page   Branch   Branch Address Page         call                         HDFC Bank                             any Desk app insttal   internet Banking open       atm Limit ko     atm se     Ballence    any Desk ke  OTP     HDFC Bank Ke       tranjection         Tranjection Deatils        paytm Wallet Loding  trasection        sir       cyber crime                                               i
Sexually Obscene material,,"We matched in a dating app TrulyMadly 
She asked for my WhatsApp number I gave her my number then she texted me on WhatsApp and did a video call She then edited my face into an obscene video and is blackmailing me that shell spread the video on social media if I dont pay her"
Online and Social Media Related Crime,Cheating by Impersonation,Sir this is suddenly for me Sir may use running chrome and after few time suddenly a unknown page is open in front of me which is related to you won  rupess so please withdrawal now And I try to withdrawal so the money is now withdrawal but hi is transferred into another account So please help me for receiving my money
Online Financial Fraud,UPI Related Frauds,"That person called me through this mob number  and introduce byself Vaibhav with my wife One of my wife friend name is Vaibhav she thought his friend called him That person talked to my wife as a friend and ask for help and he asked for google pay or phone pe mobile number regarding money transfered My wife gave him my number  Message came from bharatpe that person told to click on the message I did the same After that Rs and Rs means Total amount is Rs was deducted from my account today evening at  pm I have already complained to cyber police station sec Dwarka Delhi Complaint no 
So I request to you take strictly action on that person and please recover my deduction amount Rs as soon as possible 
I will be also obliged to you
Thanks and Regards
Mukesh Kumar Soni
Mob  
Email ID sonimsonigamilcom"
Online and Social Media Related Crime,Cyber Bullying  Stalking  Sexting,He continuously calling over whatsapp and  blackmailing to send some personal video  in public  threating to give money of  otherwise he will publish all the video over online platform and send in msgs to family members
Cyber Attack/ Dependent Crimes,Ransomware Attack,"I never imagined something like this could happen to me, especially since I'm so cautious. But then I started noticing that my online activity felt different, slower even. I can't even describe it well because everything seemed normal, except for the fact that I was constantly getting logged out of my accounts. Looking back, maybe I should have paid more attention to the little details, but now it's too late. My accounts are compromised. The more I tried to fix it, the more problems came up. My email was unathorised, and then I got locked out of everything. The worst part is, I don’t even know who to trust anymore. Friends, family, everyone’s acting strange. It’s affecting my relationships and my mental health. Even my tablet isn’t working right anymore. It’s so stange how everything just fell apart after that one email."
Online Financial Fraud,Internet Banking Related Fraud,I had an issue with my SBI Yono app due to which I had to call the YONO app customer care The agent of customer care asked me to download an app  ISL LIGHT  He also took my Phone number and my debit card expiry date After providing so my account got debited for an amount of Rs   Rs  Please look into the same and help me recover the amount asap
Online Financial Fraud,Fraud CallVishing,"Got calls from    claiming them to be from Reliance Nippon Life Insurance company They told that my policy has been matured and I am going to get  Lakh rupees as maturity benefit  bonus But my account in decativated If I pay them  then my account will be activated again and I will get the total amount transferred to my account within  month But after that during last one and half years they called me several times and told me different stories like I need to pay some tax some bank charges etc before I can get back the maturity amount In this way I have paid them more than  Lakh rupees so far They used to send me online payment links Against each payment thay have issued me different policies some from Relaince Nippon Some from IndiaFirst Insurance and some from MAX life insurance But I have not received the maturtiry amount yet 
Now when I am trying to call them none of these numbers are picking up their phone and they are not contacting me"
Online Financial Fraud,DebitCredit Card FraudSim Swap Fraud,Caller has losted Rs  from his account Balance by loosing his Debit Card by an unknown person in the Karnataka ATM and the incident has happenned on December st  at around  pm in Harapanahalli and after the card has lost he withdrew  rupees by doing four transcations
Online Financial Fraud,UPI Related Frauds,"FRAUD THROUGH  UPI Fraud PHONEPE 		 
BANK   CENTRAL BANK OF INDIA 
ACCOUNT NUMBER    
TOTAL AMOUNT   
PLEASE HOLD REVERSE TOTAL AMOUNT IN THE COMPLAINT ACCOUNT AND TAKE NECESSARY ACTION 
"
Any Other Cyber Crime,Other,Sir doing whatsup me and my relatives nude photo and told me that pay money to my link otherwise we will viral your phote and pan card and aadhar card disclose to social media Sir please help me and my family
Online Financial Fraud,DebitCredit Card FraudSim Swap Fraud,CALLER SAID THAT HE HAD LOST THE MONEY THROUGH THE CREDIT CARD PLACED THE ORDER THROUGH YOUTUBE ADD AS PREPAID ORDER THROUGH CREDIT CARD AND ORDER  PLACED AND INVOICE RECEIVED BY GMAIL THEREAFTER NO COMMUNICATION FROM THE COMPANY SIMILAR SO MANY COMPLAINTS ABOUT THIS COMPANY IN GOOGLE REVIEW
Any Other Cyber Crime,Other,It is not the first time when scammer try to scam me Many times earlier same messages are received on my whatsapp number The scammer make scam with many of the peoples in my nearby locations and as I heard about this scam I decided to make a complaint against him and finally I got the message today
Any Other Cyber Crime,Other,I have lost two thousand in this More than twelve thousand like me have been deceived in this please I want justice buy justice for all of usThey started on the th and cheated on the thI have lost two thousand in this More than twelve thousand like me have been deceived in this please I want justice buy justice for all of usThey started on the th and cheated on the th
Online Financial Fraud,EWallet Related Fraud,Fraud through Google pay
Online Financial Fraud,UPI Related Frauds,"FRAUD 	 UPI PAYTM 
BANK 	Punjab National Bank including Oriental Bank of Commerce and United Bank of India	
ACCOUNT NUMBER  
TOTAL AMOUNT  
PLEASE HOLD REVERSE TOTAL AMOUNT IN THE COMPLAINT ACCOUNT AND TAKE NECESSARY ACTION
"
Online Financial Fraud,EWallet Related Fraud,"name  aditya  district  jaipur  ps vaishali nagar  pincode    suchankrta ke phone pay no     suchnakrta ke ac no   axix bank     ICICI bank  
forder ke no          
frod by phone pay  total amount   rs 
 
pm    id T  UTR    ICICI BANK  
pm    id  T  UTR    AXIX BANK  
suchnakrta ne btaya ki unki asleel video banaker black mail kr ke pese transfer kr liye gye h"
Online Financial Fraud,Internet Banking Related Fraud,"FRAUD THROUGH   INTERNET BANKING FRUAD 
BANK NAME  IDFC FIRST BANK 
ACCOUNT NO 
TOTAL AMOUNT  				
PLEASE HOLD REVERSE TOTAL AMOUNT IN THE COMPLAINT ACCOUNT AND TAKE NECESSARY ACTION

"
Any Other Cyber Crime,Other,"I have registered to official matrimonial sites Recently this person named Lucky claimed he got my number from Shaadicom and has shared me some profiles of men If interested I will have to register at their site and can get in touch of these profile members
The site which he says jamshedhpur match point does not exist 
He insists me to fo through profile and register at  onlinematchpoint  by paying some amount

He has my email id and number to which he has shared these files 
Attaching watsapp messages and the pdf file he sent"
Online and Social Media Related Crime,Cheating by Impersonation,I had applied for the naukri com and posted my resume then I got the mail I paid from Google Pay then I got an interview call I am Amazon s HR so I cleared the interview then they told me that you will get a laptop from us for which you have to pay a security deposit of Rs ooo then you get an offer letter then I paid back from Google Pay But I have not received the call yet If I do I will not pick it up I want to complain about the risk I have got  call from altin coroperation   and  Please Help me out this matter Take action on them soon Get my money back as soon as possible
Online Financial Fraud,UPI Related Frauds,"Dear Sir
Kindly stop the fraudulent transaction and refund it to source account

Regards
"
Online Financial Fraud,DebitCredit Card FraudSim Swap Fraud,there are two transaction no reference no are there one is for rs  another is for rs  transaction made in same name when this happened i was talked to a person for bsnl sim kyc updation i already complain to sbi cc customer care
Online Financial Fraud,UPI Related Frauds,"FRAUD THROUGH  UPI GOOGLE PAY
BANK BANK OF BARODA
ACCOUNT NO
TOTAL AMOUNT  
PLEASE HOLD REVERSE TOTAL AMOUNT IN THE 
COMPLAINT ACCOUNT AND TAKE NECESSARY ACTION"
Any Other Cyber Crime,Other,"Received a sms for updation of some documents for SIM verification with a number mentioned on it
When i dialed the number i was asked to download Team Viewer for remote support  I found it fishy and disconnected the phone to avoid any hacksloss"
Online Financial Fraud,UPI Related Frauds,"A man who cheated in instagram
His contact no
                          
He told pay  and all ammount will refund your account his account is now active instaram and the whatsapp is active yesturde he message me pay  custom charge then you get your ammount total ammount i pay 
Sir please help"
Online Financial Fraud,EWallet Related Fraud,"Total fraud done for  INR  we are trying to sale old item form OLX this fraud person shown interest in purchasing for payment he shared an QR code and asked to take it in the app gallery and when we used the code as soon as we entered password to check  the amount has been transferred to the fraud account



the same process repeated two times and total  transferred
 

Rs 

Total three name appeared in this incidence
Name 
Pushpendra Singn Rathore 
Pramod kumar
Anil

All the  number transferred to Pushpendra Singh

He has also shared an Army man name Anil Kumar  Adhar Number    and also shared his army ID"
Online and Social Media Related Crime,Cheating by Impersonation,"      froud   

        froud  iphone        
iPhone       nhi        froud       "
Online Financial Fraud,DebitCredit Card FraudSim Swap Fraud,I WANT CONVERT MINIMUM DUE TO EMI SO I SEARCH IN GOOGLE SBI CUSTOMER CARE AND I MISSED CALL TO    THE CALL WAS CUT THEN THEY CALL TO ME IN THIS NUMBER   THEN I ATTEND THE CALL THEY SAID I AM FROM SBI CUSTOMER CARE THEN THEY SAY INSTALL SBI ANYDESK APP THEN I INSTALL IT AND THEY SAID SCAN YOUR CARD I SCAN IT THY TAKE MY MONEY  RUPEES THEN I CALL TO HIM HE DID NOT ATTEND MY CALL THEN I REPORT TO SBI CUSTOMER CARE THEY SAID  COMPLAINT ON CYBER CRIME  PLEASE TAKE ACTION AND HELP TO RETURN MY MONEY
Online Financial Fraud,Fraud CallVishing,RECEIVED CALL FROM UN ATHOURISED PERSON AND CLAIMING THAT HE IS FROM BANK AUTHORITY HE TOLD TO INSTALL THE MOB APPLICATION NAMED ANYDESK AFTER INSTALATION THAT APPLICATION THE AMOUNT OF RS  DIBITED FROM MY BANK ACCOUNT
Online Financial Fraud,UPI Related Frauds,"hello sir
I have taken a loan from money stand app and today is my repayment date and i have paid amount of rs  to upi id globalizedyesbank
Amount not updated in the application
I have provided all the screenshot to whats app   
But its not yet updated in the application
I am not going to paid the amount
Please help me sir
Loan app name Money Stand
Address
Email AlthiRamanagmailcom
Phone 
WhatsApp Click on the customer service icon to contact
Address th floor GoIf course Road Suncity Sector  Gurugram Haryana "
Online Financial Fraud,Fraud CallVishing,On th January  I am searching for job in canada then I searched in Naukricom to see details at that time call come from there site and ask to fill form for registration then I filled that form then they ask to pay Rs  for registration which is lifetime but you see their receipt it show only for  day and they again told me to pay Rs  for documents verification for medical job and I already paid Rs  to them on that day and they ask to pay all but my goggle pay limit is over and I told them to pay tomorrow but they insisted meto complete whole payment of Rs  and I am unable to pay them on that night I search in caneda websites they  show there is no any direct jobs in medical fields jobs only after completing registration in MCCmedical council of caneda after passing exams so I fill that this Naukricom is fraud and they cheat me and collect my Rs  so I complained to my Icici bank sarthana branch immediately on th January  they received my documents and evidence and told me they will investigate and reply in  working days so I wait till time but just few days back they told me we are helpless and you have to go to cybercrime or police complain so I am complaining to you now
Online Financial Fraud,DebitCredit Card FraudSim Swap Fraud,Financial fraud amount of Rs 
Online Financial Fraud,UPI Related Frauds,This women say you will invest k i will return you k so I invest k but after investment she says you got bitcoin security deposit of  i paid  through up payment but after payment she does not reply me Please help me
Online Financial Fraud,UPI Related Frauds,"some one call me from no  that he is known to my father and ask for help or rs  i transfered as detailed given up but he again ask for money rs  for help this time i asked my father for the person that you know or not 
my father was shocked about the incident after that i refuse to send money again 
plz help me for the refund of amount"
Online Financial Fraud,UPI Related Frauds,AS THE MOBILE APPLICATION OWNER INSISTED ME TO DEPOSIT  RS AND YOU CAN EARN MONEY ON DAILY BASIS  AND I HAVE DEPOSITED THE SAID AMOUNT BUT GOT NOTHING AND NOW THEY ARE THREATNING ME TO DEPOSIT ANOTHER  RUPEES TO GET BACK MY  RS  PLEASE HELP ME SIR
Online and Social Media Related Crime,FakeImpersonating Profile,They are using my profile picture on Instagram account I dont have any idea about it what they done If any wrong incidence happened then I will not responsible for that On that account they using my profile picture as well as they uploaded my picture on it DateDec dont  have any idea about it I literally have seen today and shock that some one misusing my profile picture on Instagram
Hacking  Damage to computercomputer system etc,Email Hacking,"As per our Preliminary enquiry the person is discussing with People who shared their Mobile number on WhatsApp  They are Requesting Gift Cards and Payment information Please dont Give and Share the Sensitive data points

The Number is  if you get any information from any other numbers"
Online Financial Fraud,UPI Related Frauds,"Dear Sir
Please stop the fraudulent transaction and refund amount to victims account
Regards
"
Online Financial Fraud,UPI Related Frauds,FRAUDULENT TRANSACTION 
Online Financial Fraud,Internet Banking Related Fraud,online fynancy froud 
Online Financial Fraud,UPI Related Frauds,"FRAUD THROUGH UPI FRAUD GOOGLE PAY 

 BANK  BANK OF BARODA 

	
AC    
 

 TOTAL AMOUNT  

PLEASE HOLD REVERSE TOTAL AMOUNT IN THE COMPLAINT ACCOUNT AND TAKE NECESSARY ACTION"
Online Financial Fraud,DebitCredit Card FraudSim Swap Fraud,"Hi Team 

I am still waiting for another transcation number from SBI Card for the amount of Rs on card number     

Total amount lost  

I raised a complain in same day in Adayar Cyber crime but still no response and also waiting for CSR copy from sholinganallur police station for last  days 

Please take necassary action and help me to get my money back 

Regards 
Abdul HalithAG"
Online Financial Fraud,Internet Banking Related Fraud,I post an ad on OLX and got a call from a buyer who said that he wanted to buy the product and send money through UPI by sending a scan code He sent a photo and asked me to use that to get money I did that and money got debited from my account He then said that he was returning the money for that I have to again do some transactions I did the same and this way total amount of rupees  got debited from my account Please help me to get back my hard earn money
Online Financial Fraud,DebitCredit Card FraudSim Swap Fraud,"On th January  I have received a call from wwwshinecom mobile no    for refund of money for non performance of service The caller has asked me to pay an amount of INR towards processing fee for refund of money 
The caller navigated me to site wwwshinecustomercomplaintscoin and it was mentioned for payment of an amount of INR    Accordingly I have put an amount of INR in payment window and the details of my ICICI Bank Credit Card No     for OTP I have received SMS with OTP for an amount of INR Looking at the amount of INR I realised it is a fraud and did not initiate transection In spite of my not entering OTP I got another SMS from bank for debit of the amount of INR  Immediately I filed an online complaint with Customer Disputes Cell of ICICI Bank The complaint request number is SR Within few days I have received SMS from bank that Merchant has claimed the transection of INR on your ICICI Credit card XX Hence a new request SR Thereafter I have not received any communication from the bank"
Online and Social Media Related Crime,Cyber Bullying  Stalking  Sexting,I got a threatening text from the  on th feb  and also prior to that last to th febs late night got calls from the same number which I avoided and missed as it was late night Now since afternoon m receiving voicevideo calls and texts from anonymous numbers which is being really very harassing and abusing I want to lodge complaint against the given number for distributing my personal details with my pictures for harassment purpose As its really very disturbing and abusing so I would request the concerned department to take as much as strict action against same as soon as possible since its too much of torcher now and i am mentally disturbed due to same I am getting non stop calls those are sexually abusive and highly non tolerable Also that particular number isnt picking back my calls or giving any response to me on same I want legal action against same Its a humble request
Online Financial Fraud,Internet Banking Related Fraud,"name  jaysingh so lakhan singh
citizen google pay no  
gmail id  jaysinghbtpgmailcom
ps  chiksana
dist  bharatpur
pincode  

account no  
bank name  canara bank
IFSC Code  CNRB

suchna karta suchna ke pas unknown no   se call aya or suchna karta ko job ke liye bol kar ek baar me total fraud amount  

fraud by  google pay

TR ID    amount    date    time  PM


"
Online and Social Media Related Crime,FakeImpersonating Profile,"I have ordered an article from the captioned profile on instagram payment mode was COD cash on delivery
But the article received is not the one which was ordered  On raising the issue with the page a refund request was sent I have filled it up and submitted on google forms No reply has been received so far
Kindly help"
Online Financial Fraud,UPI Related Frauds,ONLINE AND BY HAND CASH FRAUD BY GOPAL KUMAR JHA ASHISH HE SAID FOR A GOVERNMENT JOB AND HE TRANSFER AND TOOK A CASH BY ME TOTAL AMOUNT FRAUD BY GOPAL KUMAR JHA RS  HIS ACCOUNT NO IS  BANK NAME BANK OF BARODA IFSC CODEBARBVIBHUT
Online Financial Fraud,Internet Banking Related Fraud,"THIS PERSON SHOWING ATTRACTING PRICE IN WEBSITE WWWDISCOUNTSTUDIOIN  CHEATING THE PEOPLE PL TAKE ACTION TO AVOIDE FUTURE FRAD I AM NOT CONCERN ABOUT MY MONEY 
HOPE YOU TAKE ACTION
REGARDS
U T KRISHNA MURTHY
"
Online Financial Fraud,Fraud CallVishing,Sir abhi bhi froud mere touch main hai uska WhatsApp number hai uska ek or bhi person hai uska number  hai please m bhut hi poor person hu help me sir abhi bhi mere se Rs or mang rahi hai khuch karo sir ac number bhi mene bhej Diya hai aapko canera bank or pnb bank se transaction karne ko kaha hai please help me sir please help me
Online Financial Fraud,UPI Related Frauds,"Cybercrime Victim MrsPromila Wo Satya Narayan Sharma Ro HNoBGali NoBlock BSant NagarBurariDelhi
Online Fraud at Whatspp in the name of Patanjali Yog Gram Trusttreatment Booking Sleep Apniyaobicity and other diease related to chest Through whatsapp no   Whatsapp No on the name of DrVivekanand Shukl
Crime By or in the Name of Patanjali Yog Gram Trust DrVivekanand Shukl"
Online and Social Media Related Crime,Cyber Bullying  Stalking  Sexting,"I received video call and person recoreded this video call and sent to all my relatives
Demanding money for same If dont pay then she will upload my video all social media account"
Online Financial Fraud,DebitCredit Card FraudSim Swap Fraud,"Dear SirMadam
Please go through the Mobile Screensort the both Number which are highlited in Greeen and Bringle are keep calling me and caller Name is   NIDHI Pitva from MUmbai she is telling i am Yes Bank Please give me your Bank details to crecit the Bonus amount is offered by Yes Bank  So before i do something though to intimate in Cyber Crime Cell for More action on the Lady Caller The Number i am receiving the Call is  and  Hence i am requesting you to please investigate the Matter and take neccesary action against the Frud caller and the Number in which name these are Registred
My Details
Amiya Kumar Barik
Nandipur
Dasharathpur
Jajpur
ODISHA  
Mob "
RapeGang Rape RGRSexually Abusive Content,,"Respected Sir

A very serious matter I want to inform you Few person running or involve in some very shamefull activities by using few women at many places of kolkata gariahat ballygunge RUBY HOSPITAL BEHIND area KASBA ANANDAPUR QUEST MALL metropolis mall area ACROPOLISMALL area park circus FORUM MALL ELGIN RD Parkstreet MAIDAN AREA esplanade Garia jadavpur BEHALASAKHERBAZAR JOKA BANSDRONI  Rabindrasadanexide area  HARIDEVPUR triangular park lake mall area rashbehari area TOLLYGUNGE THAKURPUKUR BBD BAG DALHOUSIE AREA  and SALTLAKE

Their name 
SUBHRO SAHA AMLAN DATTA 
IZAZ AHMED Anirban


They officially work in a insurance office hdfclife  a hindustanpark ab gariahat shopping mall st floor beside of reliance trend building near gariahat more  but outside at several places  they involve in some shamefull activities last years

Sir a person SUBHRO SAHA forcefully involve few women employee ex FEMALE employee in such shamefull doing

At afternoon evening or after evening or night time they doing this shamefull activities

Many innocent people are TRAPPED and suffering in such dirty issue for long time
They are even  to lodge a complain against them because of  threatening and blackmailing ISSUE


From above  address PLACES and their mobile whatsapp no  you can easily trace and track their all activities You need to investigate Last years detail


Please help"
Online Financial Fraud,UPI Related Frauds,The call came from  and  and SMS was sent on   He created UPI id using his mobile no and usurped money from my account within a minute   He usurped Rs  Rs  and Rs  respectively at  hr  pm on  Feb 
Any Other Cyber Crime,Other,I came across this profile on instagram where they sell garments and i chose a saree from them to buy I placed the order and chose to pay via cash on delivery upon the delivery i made the payment of Rs  for the purchase and when i opened the package i came to know that a different and a cheap quality product has been sent to me So i immediately contacted them regarding this issue so that thery could atleast change the product or refund me back the money which i spent on the product i purchased but they are absolutely denying that they sent a different cheap quality product and did not refund me the money yet
Online Financial Fraud,UPI Related Frauds,Saw a story in instagram that the sarees are in huge offer and went to that page then opened the website of the page Selection of sarees has completed and asked for the payment method choosen phonepay for payment process and sent  rupees to there acnt on thdecember
Online Financial Fraud,Fraud CallVishing," 
      KASH LOAN                                      contacts       
         UPI IDs                   "
Online Financial Fraud,EWallet Related Fraud,                                                                                                                                 FIR                                          
Any Other Cyber Crime,Other,"Mr Shailesh sharma come to  my home for kitchen furnisher work so after  times meeting i sent  rs to Mr Shailesh jayshankar  sharma bank account through google pay for work start Now from  days his contact number is Switch off  othe number is out off coverage
Today i try to visit his Banra office but found fake addressplease help me for find him out through his bank account"
Hacking  Damage to computercomputer system etc,Damage to computer computer systems etc,"my phone no  hancking 
and otp show my mobile no after otp my amount  debit   in my rbl bank account  but i dont share my  otp any person i call bank custmer care  and regester  my compalint so plz solve my problem"
Online Financial Fraud,EWallet Related Fraud,"name  chetan singh 
district  jaipur 
ps sanganer
pincode  
addresh  C parintrs nagar nd sitabadi  sanganer
email  choudharychetanjattgmailcom
bank  HDFC bank 
Account no  
phone pay no  
frodar no  
frodar phone pay no  
transtion id  T date   time   pm amount   
UTR no  
transtion id  T date   time   pm amount  
UTR no  
suchna karta ne btaya hai ki unke pass call aaya or suchna karta ko account me pese dalne ki bol kar suchna karta ke hi account se total   rupee kat liye gye "
Online Financial Fraud,UPI Related Frauds,"THE IDS SHARED BY THE FRAUD ARE SHARED ABOVE IN THE PDF FORMATHE SAID THAT HE IS THE CISF ARMY OFFICER OF INDIAN ARMYCONTACT
CISF OFFICER  
DELIVERY MAN  
BOTH THE ABOVE CONTACT NUMBERS ARE STILL ACTIVE THEY ARE PICKING CALLS EVEN NOW AND ASKING FOR FURTHER MONEY"
